name,rating,review
다만 악에서 구하소서,,
,10,이정재ㅈㄴ지드래곤같았음
,6,연기는손색이없으나스토리가조금빈약하지않나생각합니다
,10,신세계가흥행한이유믿고보는배우황정민이정재fast박정민연기에놀라다
,10,액션도쩔고계속장소가바뀌며치달리는영화라지루하지도않다황정민이정재박정민연기구멍이없어서더좋은듯
,10,목숨과바꾼가족사랑그리고액션특히박정민배우님에충격적인변신좋았어요
,10,역시믿고보는배우황정민이정재박정민이영화는꼭봐야한다올해최고의작품강추
,10,역시박정민조연이아니라나에겐주연강철비2보려다조연으로박정민이나온다해서바로선택한영화인데완전나의신의하수였다
,10,와이거감독판으로도나왔으면좋겠다
,10,황정민이랑이정재같이나오는영화는다재밌어
,10,몰입감긴장감으로시간순삭ㅋㅋㅋ존잼
강철비2: 정상회담,,
,6,미국대통령이너무나쉽고허술하게납치되는과정을보면서어이상실한번하고백악관이이사실조차모른다는데서두번어이상실예의없고안하무인의미대통령의코미디캐릭터를보면서기대접고봄잠수함액션은볼만함
,2,별한개도아깝다이글보게된다면이영화절대보지마라그래야한국영화가발전한다
,1,평점높은거알바라고보면되요개실망했습니다저배우들을데리고이정도밖에안되나요억지스러운스토리와웃기고싶은욕망아마추어같은영상미기억나지않을음악까지
,1,연출진이호화스러운데뭔가많이구멍난듯함1하고전혀안이어지는스토리1에비해서많이지루함그나마드문드문유머연기때문에버팀도중에코골면서잠든아저씨도있었음조연주연들은워낙연출진들이너무좋아서연기가괜찮았음곽도원의트롤링과정우성유연석앵거스맥페이튼미대통령의꽁트은근웃김으로보는영화우리나라대통령이힘없다는걸은근비꼼근데더웃긴건미대통령도힘없이여기저기눈치보는것도불쌍북위원장도쿠테타때문에아무힘도못쓰고주변만보고있음그리고일본은역시개baby다쿠키가있는데찜찜
,1,정도를모르네제발정도껏
,7,재미있게봤는데마지막에너무정치적인제스쳐를강요하는거같아요
,1,북에서개봉하면인기많을듯ㅋㅋㅋ김정은미화영화
,2,낚였다억측난무정치다큐영화
,4,2시간짜리역사수업하품을멈출수가없네국뽕은왜이리심한거냐문재인의판타지봐주느라힘들었다
,1,전편보다지루함스토리도별로임
반도,,
,2,부산행반도못따라감그래서반도임
,6,재미있게잘봤습니다다만조금질질끄는게아쉬웠어요전형적인약간의억지감동은빼주셨으면
,4,영상미는좋은데스토리가흥미가안생겨요배우님들고생많았습니다
,1,진짜재미없음다른말필요없음
,8,미안하지만jane명찰보고빵터짐
,1,실망대망교과서적연출로도평타이상은가능할좀비소재를이렇게까지
,2,한창때리고부수고싸우는거좋아하는10세남아머리에서나올법한수준낮은각본과연출대신추진력하나는인정이런지지고볶는짜파게티같은각본을완결짓고영화판에내다니그점은대단애기들도연기연습더해야겠더라
,5,분노의질주를본것같았다감동을억지로씬에담으려는거같았고현실성없는내용들이많이깔려있어서보는내내이질감이느껴져2점드렸습니다
,6,기아모하비홍보영상을보고나온느낌이제일강하게들었고차량액션신은대부분cg인데이질감이느껴짐좀비연출은죄다때거지로덤비는연출아쉬움그냥볼만한수준의영화이영화보다부산행한번더보는걸추천드림
,2,부산행의반도못하다해서반도인가
애니멀 크래커,,
,10,볼거리도다양하고음악도좋고아이들과보기에딱좋은애니메이션이에요
,10,아침일찍아이들과보고왔는데너무재밌어해요핵꿀잼
,8,초딩조카들이랑같이봤는데너무재미있었다고자막판으로다시보고싶다고하네요영상도예쁘고음악도신나서아이들이랑보기좋습니다
,10,오랜만에애들이랑같이극장다녀왔는데요여름방학영화로최고강추입니다
,10,시사회로미리봤는데어른들도재밌게볼수있고아이도좋아하고즐겁게봤네요추천해요
,10,노래가너무신나요동물친구들도너무재밌습니다
,10,너무예쁘고재밌어요즐거운영화입니다
,10,에밀리블런트가더빙했다길래기대하면서봤는데두부부합이진짜장난아니더라구요ㅎㅎ믿고보는제작진들이라영상미도좋았네요
,10,퀸노래나온다고해서기대했는데스크린으로서커스장면이랑같이보니까진짜최고였어요ㅋㅋㅋ동물들도넘귀엽고감동적인교훈까지좋았네요ㅎㅎ여름방학이라조카들델꼬또가려구요
,10,방학시즌에비와서우울했는데기분전환딱인영화
빅샤크3: 젤리몬스터 대소동,,
,10,여름에는애니들그래도개봉많이하는거같아서다행이예요빅샤크3를시작으로슬슬하나씩도전해봐야겠어요
,8,감동적이네요어른이봐도잼나요가족영화로강추
,9,아이첫영화였는데헐벌써세번째시리즈라니앞에12편도찾아봐야겠네요3살짜리가보기에도좋았어요엄청집중하고잘보내요
,10,빅샤크1때부터생각한건데캐릭터디자인너무잘나왔어요젤리몬스터도너무귀여워요ㅋㅋ어른들도생각보다볼만한만화영화애들한텐스토리랑교훈도잘전달해준듯
,10,6살9살남매내내마스크쓰고보는데도투정도안하고잘봤어요극장안이시원해서그런지괜찮더라고요
,10,아이와함께오랜만에극장에서본영화인데기대만큼이나재미있네요그동안극장에통못갔었는데마스크잘챙기고안전하게관람했네요
,10,애들이생각보다많아서깜짝놀랐어요ㅎ다들얼마나기다렸을까요ㅜㅜ신나게잼나게봐서너무뿌듯했네요
,10,어쩌다애들따라본영환데어른인제가봐도재밌네요
,10,반도나강철비보러갈바엔걍이거봐야겠다ㅎㅎ
,10,캐릭터들이너무귀여웠어요ㅋㅋ재밌게잘봤습니다
온워드: 단 하루의 기적,,
,10,아빠가없는우리꼬맹이랑같이봤어요저혼자울면서보았네요아이가나도저런기회가있으면좋겠다고해서마음이아프네요
,10,픽사영화는묘한뭔가가있음보고나온뒤에시간이지날수록더여운이남고자꾸생각남
,9,재미있으면공감재미없으면비공감
,10,기발합니다큰기대안하고왔다가울컥하고갑니다
,8,이제까지봐왔던픽사필름중에선조금아쉬운부분이큰영화이긴하나강력한한방이있다39준비는평생안돼끼어들어39이대사가정말머릿속깊은곳에박혀버렸다덕분에내일부터다시도전해보려고한다정말애어른구분없이교훈을주는픽사
,10,영상미도황홀하고정말역시픽사라는말이저절로나왔던영화였네요막판에는결국눈물을흘리기도했고정말너무재밌게잘봤네요
,9,마지막장면은예상밖이었지만서로를이해하고위하는형제의바로그마음이아버지가원했던형제의모습이었을것이다맨홀이열리고피닉스젬이있는장소도의미심장했다언제나열쇠는내주위에있다
,10,이런걸보고누가울어유치해죽겠네진짜흐어허어엉ㅠㅠㅠㅠ처음엔발암캐인줄알았는데진짜주인공은발리였다너무귀엽고사랑스럽고안아주고싶은캐릭터ㅜㅜㅜㅜ
,10,발리는이안에게최고의형이자아빠였다귀네비어의아름다운희생
,10,감동적이네요우리가기억하는부모의모습찾고싶은모습그게다리뿐이라도소중하네요참좋은영화
블랙아웃 : 인베이젼 어스,,
,1,ㅈㄴ재미없고지루한데지들만심각해서1시간이전에현타와서포기함
,2,제목이영화자체다정말아웃이다
,4,지루함을방해하는영화
,1,내평생이영화로쏘련영화는더이상없다
,1,5년전에다운받아서보다가재미없어서버린영화인데
,1,영화를제대로관람하기전에SF액션장르라서기대를했지만막상영화를보니깐정말로지루했고액션장면도그렇게많지가않음결말부분도이해가안되었으며이걸영화라고만들었는지정말로2020년개봉작중가장최악의영화가될거임
,7,러시아영화를새롭게알게됐다
,7,러시아영화인데다러시아원어더빙그대로상영하기때문에헐리우드식전개나더빙에익숙한사람들한테야좀생소한면이있을수는있다하지만SF영화치고CG분량도많은편이고전체적인CG만가지고도볼만한가치는충분히있다고본다반도의차량씬CG를보고실망했다면이영화의CG를감상해보기바란다우리나라CG업체들이이정도의질감만구현할수있다면좋겠다는생각이들정도로고퀄리티이다특히후반부에CG의진가를볼수있는장면이많다SF장르를좋아한다면킬링타임용으로는괜찮은작품참고로IMDB평점은이작품이반도와비슷한데개인적으로반도보다는이게더볼만했다
,7,이거헐리웃에서유명배우랑감독이연출했음천만각인데러시아영화라서홀대받네강철비2반도다만악보다천배는재밌다국산허접데기영화그만보고차라리이걸봐라국산영화그걸뭐하러돈주고보냐쯔즛
소년시절의 너,,
,10,아니얘네왜케연기잘햐요진짜걍개좋앗음쟤가내남친이길바라고바랫네
,10,연기연출엔딩크레딧에노래까지완벽
,10,세상으로부터버림받은두사람이서로의세상을지켜주는이야기
,10,세상은우리를지켜주지않지만어떤누군가가다른누군가를지켜줄수있다앞으로그런누군가가되고싶다
,10,오늘은종일이영화생각만날듯
,10,주동우라는배우면믿고봄
,10,주동우는매번연기의끝을보여주는것같아요너무감동적이었고이양천새쨩ㅠㅠ
,10,진짜부족한거하나없어요꼭보세요강추합니다그리고학교에서학생들에게이영화틀어줘도좋을만한스토리에요
,10,진짜말이필요없음안보면후회한다주동우가계속우는연기를하는데나까지울컥해서펑펑울었다웬만하면영화리뷰안남기는데안남길수가없는영화이양천새도잘생기고연기너무잘함대사하나하나가전부명대사다솔직히어린아이들의사랑이라고만정의내리기에는영화안에담겨진메시지와그들의교차하는감정과교감또한너무뛰어나고감정선이너무좋았다상영관이더많았으면거의출석체크하러갔을텐데얼마안하는게넘아쉬웠음
,7,주동우와이양천새의연기는그저소름돋는다
미녀와 야수,,
,10,ㅋㅋ혼자보구왔는데세상이달라보이네보고나면길걷는것도재밌고그냥웃음나오고행벅함
,10,말이필요없다진짜실사화제대로해놨네역대급임진심디즈니에서일제대로함
,10,야수의선홍빛잇몸미소가아직도눈에선합니다
,10,시사회보고왔습니다일단역대디즈니실사화영화중에역대급이라할수있습니다노래영상미연기모두뛰어나고CG가너무황홀해서어릴적향수를그대로충족시켜주는영화였습니다디즈니에게다시한번박수를보내게되네요
,10,예매망설이신분들그냥봐요두번봐요전다섯번볼테니ㅎㅎㅎ헿
,10,벨캐스팅잘한듯야수도귀여움근데왕자보다개스톤이더잘생김왕자구림ㅋㅋ
,10,원작미녀와야수와많이비슷해서보면서어릴적만화영화가주마등처럼지나가더라구요소품디테일도대단하고배우들노래부르시는게진심이담겨있고가사하나하나가정말사랑하는기분이들어서감동먹었어요ㅜㅜ인생영화
,10,미녀와야수스토리안다고생각했는데왜나눈물남ㅠㅠㅠㅠ진짜마지막에울컥함또봐야지
,5,왕자보다야수의모습이더멋진아이러니한상황
,10,잊고있던내어린시절로돌아간기분이다동화같은영화가동화같았던어린시절기억을떠오르게한다정말영화가이쁘다
알라딘,,
,10,윌스미스가하드캐리하여의도치않게원작을뛰어넘은실사영화
,10,영화가너무아름답다ost도잊혀지지안고디즈니실사중에서최고중에최고다쟈스민너무멋지고팬엄청나게생길듯웃다가울다가너무좋았음
,10,존잼임난처음도입부에아라비안나잇이부분에서부터감동받아서울뻔했음
,10,자스민의speechless명장면이고덤으로윌스미스의연기력또한매우굿
,10,Awholenewworld나올때때개소름
,10,자스민존나이쁘다
,10,지니가나오면이세상흥이아니다ㅎ
,10,일요일아침8시디즈니만화동산챙겨보고비디오알라딘애니도수십번빌려봐서테이프늘어났었는데ㅎㅎ클린액으로비디오헤드청소해보신분손
,10,디즈니가미쳤음영화시장을통재로잡아먹으려고작정을함끝내주는영화이제껏디즈니실사중최고였음
,10,제일우려스러웠던윌스미스가하드캐리하는바람에원작뛰어넘어버림ㅋㅋㅋ
고 피쉬!,,
,1,니모를기대하고갔다가깜짝놀라고온
,1,이건좀아니잖냐
,1,9살아이데리고봤는데안좋은시국에아무리볼영화가없어도이건아님시작전에광고가제일재밌었음
,2,4학년2학년두딸과보러갔는데이거미국영화맞나요중국영화인가했네요스토리도빈약하고화면도너무단순하고기승전결이있긴하지만너무맹숭맹숭해서둘째딸집중못하고얼마나어수선하던지유치원이하어린이들이봐야할수준인데그러기에도몰입도떨어지는중간중간음악이라도나오면나오겠지만물고기들이지루하게늘어지는대화만많이하고그나마해마가암수구분없이임신한다는지식하나얻어가네요도리를찾아서니모를찾아서생각했다가완젼폭망이럴거면알라딘을봤어야했는데돈아까워요ㅠ
,10,물고기들이너무귀엽고또환경문제를아이들이알기쉽고재미있게잘풀어놨네요아이들이너무좋아했어요
,2,상어가족2시간트는게더나은수준
,2,시장은닭비서는비선실세
,10,아이랑재미있게보고왔는데악플만있네요무시무시하고징그러운악당을싫어하는아이라이영화가너무재미있었다고합니다색감도예쁘고잔잔한스토리괜찮았어요
,10,
,10,
마티아스와 막심,,
,10,mm
,8,자비에돌란플레이리스트훔쳐오고싶다
,9,순간순간뻔하지않은전개들다시처음으로돌아간것처럼순수의극치키스하는그들의가슴떨리는순간과동시에펼쳐지는소나기와잘당겨지지않은양말까지아름다왔다
,8,내내부러움을느낄정도로사이좋은친구들이기억에남네
,6,초반에는지루하다막심과케빈은잘생기고만화에서튀어나온듯섹시하고매력적이다
,9,매력적인영화연기음악연출다좋았다
,10,이친구들의우정이야기사랑합니다
,8,자비에돌란의영화를내가왜좋아했는지다시한번깨달았다MM
,8,자비에돌란특유의미장센이좋다
,8,자비에돌란의전작들이자의식과잉처럼느껴져서싫었다면이거까지만보고다시평가해도늦지않을듯생각보다좋았다막심이이메일주소를부르다가흐느낄땐콜바넴에서화롯가에앉아우는엘리오랑겹쳐보이기도
밤쉘: 세상을 바꾼 폭탄선언,,
,10,이시국필람영화세상모든성범죄자들이자신의죄만큼벌받을때까지
,10,여성들끼리연대가중요함모른척하고침묵할수록결국내딸내친구나로다시돌아온다
,10,와진짜너무재미있다짜릿하고소름돋고화나고공감되고ㅠㅠ언니들최고다또봐야지
,10,세배우들이캐리하는재밌는영화
,10,기대했던만큼재밌게봤다배우들연기도쩔고진짜통쾌함진짜지금봐야하는영화
,10,잠시도눈을뗄수없었다긴장감몰입감속도감쩔어줌ㅠㅠ영화자체로도재미있는데다강력한메시지까지완벽했다한사람한사람의용기가모여세상을바꿀수있다우리는변화하고있다지금도
,9,내용연기모두좋았어요
,6,배우들의명연기에비해너무밋밋한연출그래도메시지는명확하게전달했다사실그것마저도배우들의덕이큰영화다
,10,세배우의합이너무좋았고지금상황에딱맞는영화라고느껴졌다엘리베이터장면이너무강렬하게기억에남음ㅠㅠ
,10,피해자가자신을혐오하는상황이너무안타깝다목소리를낸피해자들은모두정말대단한사람들이다우리는피해자들이떳떳하게살아갈수있는사회를만들어야할것이다
지저귀는 새는 날지 않는다,,
,10,원작만화책의내용을모두스크린으로옮기지는않았지만상당히이야기전개가깔끔하고연출이며성우들의연기가자연스러워좋았습니다특히야시로가요마지막OST도영화와잘어울려서여운을잘줬고책으로나온뒷부분도다시영화화해줬으면합니다
,10,내용을알고있어도스토리흘러가는거나주인공들이야기에몰입할수밖에없었고복잡한사랑인듯사랑아닌그간질거림이잘드러나서너무좋았다ㅠㅠ그리고야시로행복하게해주세요제발보는내내이생각밖에안들어요ㅠㅠ
,8,마지막에나오는Ost가좋네요작붕이있긴했지만얼굴이참잘생겼습니다
,10,드씨와는다른연출방식이었지만극장판나름의스토리진행으로보는데는전혀문제없었다오히려시간에맞춰잘편집한느낌야시로는여전히섹시했고도메키는더욱우직해서너무좋았다다만작화가가끔씩무너지는게보여서그부분이안타깝긴했지만그런것들을커버하고도남을작품이었다2편도개봉되길
,10,제가엄청좋아하는작품입니다개봉이날을계속기대하고있습니다진짜좋아합니다성우들도그러고OST도그러고완전좋아합니다
,8,추억의야오이를극장에서본역사적인날요즘세대들좋겠다앞으로많은BL물이상영되길바랍니다
,10,원작의섬세한스토리와감성을너무잘담아낸극장판ㅠbb
,9,원작모르고오로지BL물이스크린에이런마음으로보러갔음1관람후집으로돌아가는길에전권구매함2원작을보고나니야시로의행동이나감정이훨씬더잘이해되었고도메키의행동에어떤의미가있는건지이해하게되어서감동이두배3작붕이있으나몰입에방해되는정도는아님4음악을너무잘씀엔딩곡은가사까지절묘해서끝까지듣게됨5수위가많이높음주의
,9,원작의스토리에충실한영화임짧은상영시간덕에사전에원작을보지않은관객들은스토리의개연성이떨어진다고느낄수있을듯합니다하지만그림으로만보던만화를애니메이션으로볼수있었다는점만화책으로봤을때그다지와닿지않았던감정선이애니메이션으로보니아이게이런느낌이었나싶은부분이분명히있었음그리고기대이상의OST
,10,원작을너무오래전에봐서다까먹고봤는데너무좋았어요영화관에서우헣싶은장면이많이나오기는한데청불아님큰일날영화스토리랑연출오스트가너무아련아련하게잘잡아준거같아요
블루 아워,,
,10,한번보고나서는여운이오랫동안남아서한동안집에돌아와침대에누워계속이영화생각만했다이상하게계속끌려서한번만더봐볼까했던게결국에는지금까지도합다섯번을보게되었다말하자면한번에이해하기힘든영화이고취향을좀타는영화이다하지만거꾸로생각하면이영화의메세지를깨닫게될때까지계속보고싶어지는영화이기도하다이영화가비디오테이프로있었다면나는테이프가엉키고끊어질때까지계속봤을지도모른다여름에어울리는영화이긴하지만겨울바다처럼하염없이볼수있는영화기도했다솔직히영화배급사가홍보를잘못했다고생각한다허위광고아닐까하는생각이들정도이다블루아워는굳이말하자면39힐링39이라는타이틀을붙일수도있겠지만39리틀포레스트39같이양지에서해바라기하듯이마음을다독여주는영화가아니다본다면몇번쯤은불쾌한감정이들거라고알아둬야영화를보며혼란스럽지않을것같다비유하자면내가본39블루아워39는오히려비가퍼붓는여름날에버스정류장에서있을때곁에구멍이살짝난우산을발견한느낌에가깝다고생각한다번아웃상태인39스나다39는39기요39와함께싫어하던고향에서자기가삶에지친이유들을발견하고불쾌한상황에맞닥뜨리지만동시에39그럼에도39살아가야할이유들을찾기도한다마음이깨진상태에서그조각들을모아이어붙이고굳히고결국에는성장하는이야기가담겨있는것이39블루아워39라는영화이다그리고이를보며공감하고함께일어설용기를넌지시던져주는것이블루아워의힐링방식이고마지막으로나오는노래를함께듣고나오면나도모르게하늘이온통파란좋은아침이라하기에도애매하고잘자라고하기에도애매한새벽의39블루아워39에달리고싶은기분이든다
,6,포스터예고편같은내용아닌데왜이런식으로마케팅한건지그냥원래느낌대로했었어도봤을것같은데일단영화를보고나서청량힐링로드무비에낚인분노가더컸습니다ㅠㅠ그와별개로영화는호불호가많이갈릴것같습니다블루아워라는제목보다블루아워에서날려버려란원제목이더영화내용과알맞는것같아요서사없이그냥물흐르듯이내용이흘러가는데점점잠겨가는끝없는느낌은압도적이었습니다
,10,힐링영화기대하지마셈음울하고지루한감성조금표현이덜된듯모호한부분이있지만그것도조앗슴
,1,정말힐링영화였다면주말에반도를꺾었을거야지금은그런영화가필요하거든이영화마케터는관객들에게미안해해야해그러면안돼영화를속여서팔다니
,2,너무난해했다일본식특유의오바스러운연기도오글거리는거에한몫했고보는내내나갈까가족애를그리려고했던건지대체뭘보여주려고했던건지힐링무비는절대아니라는것만알아두길일본특유의음산함과어울리지않는음악들알수없는장면들과특유의연기들일본영화가원래이렇지라고하기엔너무도난해하고눈쌀을찌푸리게만들었다VIP멤버십으로봤는데돈아까워죽는줄
,2,90분동안불편하고찝찝하기만한그런영화뭘말하고싶은건지도모르겠고장르가공포영화였나하고간간히생각이드네난해한건지이상한건지모르겠는데코로나때문인가영화관에상영할게이런거밖에없는건가
,1,하ㅠ정말ㅠㅠ백번양보해도별하나도아깝다
,1,40넘게살면서처음으로관람도중에포기하고나왔습니다
,1,첫장면부터아싶더라고요일단힐링영화는절대아님그리고끝까지찝찝함영화내용도잘이해가안돼요이거보느니강동원보러반도가세요최악과차악중에차악이ㅠㅠ
,10,밤인지아침인지모를푸른시간모두가잠든외로움속에서만위로를얻는당신에게
카오산 탱고,,
,10,아는맛이라더그리운영화를보는내내아이영화는진짜여행자가만들었구나태국과인도고인물인것같다생각했고적어도3개월이상여행해본여행자라면누구나일상으로느껴질법한부분을참잘담아낸것이신기했다암파와나쏭크란을볼수있는것도좋았지만전통모자쓰고다니며또로록또로록긁어서소리내는악기들고다니는아주머니매일타고다니던짜오프라야수상버스여행자들이입고다니는옷등실제로카오산에서만날수있는사람들과풍경을보는게너무좋았다땡모반들고다니던여주인공을보며피식웃음까지나오더라니진짜다넣었네싶어서영화를보는내내얼마전까지만해도일상이었지만지금은너무아득해꿈처럼느껴지는그분위기가너무그리웠다진짜그렇게사는게행복하니돌아갈수있을때돌아가여행자라면누구나한번쯤해보았을법한고민을날카롭게건드린다여행이길어지며한곳에자리잡기점점어려워지고돌아간곳에서의삶을감당할수없을만큼자유를맛본사람들이할수있는말이겠지돌아갈수있을때돌아가라는말꼰대스러운그말을듣는게참싫었는데지금생각해보면그들자신에게하는말이었을수도있겠다영화를보는내내이영화를만든사람의목소리가곳곳에서느껴졌다여행을통해인생이바뀐사람소중한사람을잃어본사람의목소리가영화를보는내내마음이좋았다익숙한거리의간판과사람들을보며그곳의공기가온도가고스란히전해졌다여행이그리운사람이라면인도와태국여행자라면대개이두곳을오가는퐁당퐁당고인물이많으니ㅎㅎ추천하고싶은영화
,5,영화가무얼말하려고하는지모르겠음남주여주가왜그런감정을느꼈는지왜서로에게마음이끌렸는지에대한설명도없음현실적인방콕장면에서비현실적인이야기를다루니까이질감이매우느껴짐벗남주진짜잘생겼다라는생각들었음
,6,영상미는뛰어나나다른면은다부족함방콕을가고싶게만들지만줄거리가뜬금없음
,2,이걸무슨의도로만든거냐
,1,시간아까운영화조연으로나온사람배정남인줄
,3,영화가뭘이야기하고싶은지모르겠음일단스토리가납득이안됨남녀주인공이싸우는데왜싸우는지선뜻납득이안감싸우는이유는알겠는데그런사이에서굳이이런느낌또배정남이남주에게여주에관해한마디하는데그런얘기를왜하는지황당함남주별거한것도없는데말야감독이스토리를납득못시키고혼자나간느낌다음으로여주의연기가이영화와맞지않음여주가연기를못하는건아님근데톤같은게혼자붕뜨는느낌임여주가남주얼굴보고갑자기웃는장면이있는데너무부조화라싸이코드라마인줄알았음이건감독의디렉팅에문제가있는거임마지막으로주제가뭔지애매함두주인공의사랑이야기라고확드러나지도않고슬픔을안고사는사람들의이야기라기엔비중이얼마없음두마리토끼다놓친느낌결국뭣도아닌영화가되어버렸음
,8,여행지에서이런감정을느낄수도있다고생각하고보면딱좋을영화잔잔하게흘러가는내용에몰입하게되더라구요태국방콕의다양하고생생한풍경도볼만합니다
,1,떨리는카메라워킹과함께제마음도떨렸습니다진부한대사개연성없는스토리맥락없는연기삼박자가아주아름답더군요영화찍기전에뭘말하고싶으셨는지한문장으로정리할수있으신지궁금하네요
,2,기대는일도안하고그저방콕풍경이나봐야지하고봤는데다큐3일방콕편이더재미있겠네요30분안되서오랜만에중간에나가고싶었어요여주재미교포인가요발음이휴비추
,2,내용없어도방콕이그리워서보았어요노노노유튜브에서짧은동영상하나볼걸정말후회합니다재미도없고음악도스토리도영상미도연기력은ㅋ그냥웃지요
세인트 주디,,
,8,영화관에서볼만한영화다우리가놓치고있는인간의모습을담았다무분별한인권호소가아니라정말필요한이들의간절함을호소하며대변하는변호사주디의모습이멋지다
,10,스토리연기다좋았어요
,10,끈기로세상을바꾼변호사마음을움직이는스토리
,10,바라봐주고이해하고들어주는것으로시작하는세상의변화를실천하는작은움직임이다
,10,이시대에꼭필요한영화인권정의에대해다시한번생각하게만든다
,10,온세상의주디그리고주디가될사람들을위한영화
,10,큰기대없이감상평만보고선택했는데정말선택하길잘했어요영화비가아깝지가않아요잔잔하게그려냈는데영화인데몰입하게되고지루할새도없이끝났어요
,10,주디우드의끈기가세상을바꾸다
,10,약자를위해끝까지싸워당당히세상을바꾼주디감동적입니다우리나라에도이런변호사가많아지길바랍니다
,10,주디우드그녀의끈기에보는사람까지용기를얻게되는영화
위대한 쇼맨,,
,10,말이필요없음이런걸영화라고함
,10,레미제라블이후로휴잭맨의인생영화였다
,9,휴잭맨의매력이한껏돋보인영화입니다다른출연자들도너무멋지구요사람은누구나소중하며현재를멋지게사는게중요하다는메세지도있구요좋았습니다
,9,지금미국에선평론가들평안좋고관객평은좋다던데우째딱영화처럼된듯ㅋㅋㅋ공연을즐기지못하는공연평론가이게진짜사기아닌가요
,10,정말인생최고의영화너무좋아서울컥하고남들없었음ㅠ기립박수칠뻔강추
,10,노래진짜쩐다ㅠㅠㅠ보는내내귀호강그리고배우분들연기다너무좋아서올해마무리영화로딱인듯합니다
,10,시작한지얼마안되어서부터꿈을얘기하는데듣다보면눈물이난다그꿈이허황되기때문일까쉽게꿈꿀수없는그꿈이아름답기때문일까생각보다묵직한음악으로의시작이라좋았고처음들어보는잭에프론의목소리는무척무척취향이라놀라웠다
,8,좀뻔한전개스토리이긴하지만아주재밌게봤고감동적이었습니다실화영화인것을생각하니더욱좋았습니다가족이나아주친한사람들과함께보면아주좋을영화입니다명대사들이많이나오고기대이상이었습니다많은분들께추천합니다
,10,올해최고의뮤지컬영화입니다단언컨데꼭다시한번볼것입니다
,10,라라랜드보다재밌다10만원이넘는비싼뮤지컬보다1만원이안되는위대한쇼맨이한수위한해를마무리하면서세상을살아가는데에는역시함께와용기라는생각을다시하게해주어서좋았다연말에가족들이보기딱좋은영화
소년 아메드,,
,9,영화가끝나도바뀌는것은없다아메드가배교자라고믿는선생님을죽이려고가슴에품은흉기로그배교자선생님에게도움을구하려고철조물을두두리는장면에서우리는우기가가지고있는무기를신념을종교를어떻게써야하는지분명한답을다르데형제는주고있다바로남을변화시키려고쓰는것이아니라자신을위해자신을살리기위해써야되는것이다
,10,사랑앞에서도동경하던천국문이죽음앞에서는지푸라기를잡는구나
,10,타란티노였다면대책없는막장종교힙찔이로묘사했을싸이코킬러의탄생기를다르덴형제는이처럼정연하게표현했다
,8,신념에잠식되어어디로가는지모르고달리는소년에게다르덴형제는말없이지켜보다조용하게손을건낸다언제나희망을놓지않는그들의시선에경의를표한다
,7,광신도소년의내적성장기
,7,이영화보면이슬람교를나쁜쪽으로생각하는사람들이많아질거같아요배신하는사람들은살해하라는알라의뜻인지끝까지어린애가죄없는여자선생을죽이려하네요
,8,자신이굳게믿고있는신념일지라도인간과사회가분리된다면끝없이회의해야함을느낀다사람은사람에의해서영향을많이받기에올바른스승과사람들과의연대가중요함을또한그러한사람이되도록끊임없이사람과의대화가필요하다
,6,정말영화의끝이변화의시작일까
,8,너를묵묵히응원하는수밖에
,10,이영화를보고영화관을나오자머리속에서다시시작되는영화모든결정은인간몫임을
시네마 천국,,
,10,배경음lovetheme의감동적인선율과영사기에서나오는달콤한키스장면들을보며토토의회상에젖은듯한애잔한표정지금도잊을수가없다
,9,불멸의명작영화인을꿈꾸는사람이라면반드시봐야할영화
,10,탄탄한스토리와거장엔니오모리꼬네가만들어낸최고의영화몇번을봐도마지막장면에선항상토토와함께눈물을흘린다우정사랑추억이어우러져가슴을절로아련하게만든다숨은이야기가담긴감독판으로재상영했으면하는바람이
,10,20년이훨씬지났지만아직도생각하면가슴이벅차네요
,10,오랜만에다시보아도너무예쁘고사랑스런눈물나게하는영화
,10,지금극장에걸려있는건축약판123분축약판만보신분들은꼭감독판173분도구해서보시길전혀다른맛을느낄수있음나는개인적으로감독판을훨씬더좋아함훨씬더뭐랄까맛이깊어서
,10,10대에보았다그때는왜눈물이그치지않는지알수가없었다30중반이제서다시보고알게되었다첫사랑같이추억은아름답지만그립지만다시는다시는가질수없는안타까움때문이다
,1,영화관에서절대보지말아라이야기를끌어가는주요이야기인엘레나와토토의재회부분을끝에통째로들어냈다상영시간때문에그랬을거지만이건범죄수준에가깝다번역도개판이고이영화를진심으로사랑하는사람으로써배급사죽여버리고싶다
,10,아근데재개봉버전뭐이렇게삭제된장면이많냐후반엘레나시퀀스는통째로삭제됐네
,10,삶의모든것이들어있었다ㅠㅠ
비바리움,,
,10,오은영선생님이절실했던영화
,7,자유라는선의로포장되어있으나실상은한정된선택권속에그들이제공하는의식주를소비하며그들의감시체제하에그들의기득권을유지해주기위해끊임없이희생되는소시민들의고단한인생여정
,10,생각을많이할수있는영화입니다씁쓸해지면서도공감되고소름끼치기도해요
,7,보금자리같은미로에영원히구속된가족이라는사슬
,9,개인적으로제목처럼외계인의실험장같은느낌이듭니다인류를모방한생물로인류의생태를관찰단순히집을보러온사람들은운이없는거겠죠인간이아무곤충을잡아서관찰하는것처럼
,8,유오성해외진출작ㅇㅇ
,10,큰돈들이지않고큰CG효과없이이렇게현실적인공포를만들수있는천조국이부럽다
,10,그냥미스터리좋아하는사람은평점10점짜리임
,8,다시는들을수없을줄알았던음악과남자의마지막고백은비극적인결말에한줄기희망이었다영화는악마의메세지가겻들어있지만결국우리가한가지깨달을수있는건냄새를맡고맛을느끼고음악을듣고사랑을하고아이를낳아기르는인간의삶은그자체로무의미하지않았다는것이다단지우리가그소중함을잊고살뿐이영화는현대인을잔인하게벌하고비판하는한편의풍자극이었다
,6,설정은독특하나영화보다가내가돌겠군
주식회사 스페셜액터스,,
,10,카메라를멈추면안돼재방송정말영화내내잘버텨준내게더큰감동을받았다
,10,우에다신이치로의성공이거짓이아님을증명한코믹수작
,10,카메라를멈추면안돼를재밌게본사람이라면만족할듯ㅋㅋ
,10,ㅋㅋㅋ우에다신이치로감독이우에다신이치로함
,10,귀엽고사랑스러운코미디ㅋㅋ
,8,역시장르를가르는감독이었다이세상가장알다가도모를거대한치유극
킹 오브 프리즘 올 스타즈 -프리즘 쇼☆베스트10-,,
,10,동성애혐오자들아2D남자는에이즈안걸려요불쌍하니까프리즘의여신님께서뚝배기깨드릴겁니다다시태어나면꼭은시우의엉덩이꿀이되는축복을받으시길파이팅
,10,올해최고의애니입니다
,2,이뭔오타쿠들이지
,2,
,1,그냥존나별로임재미없어
,10,
,10,
,1,욱십욱우웩에에엑
,10,너무좋아요앞으로도많이내주세요
,10,거의모든무대를한번에볼수있어서너무좋았어요
부활,,
,10,신앙의유무를떠나한사람의숭고함에가슴이먹먹해지며자신을돌아보게만드는영화였습니다이태석신부님이돌아가셨을때우리는의문을가졌습니다39왜할일이많은젊은사제를불러가셨나고요39하지만우리는지금알고있습니다신부님의죽음은한알의밀알이되어수많은열매를맺었다는것을요신부님의모습을늘기억하는제자들의삶에서도하느님의현존하심을느꼈습니다39가장보잘것없는이에게해준것이바로나에게해준것이다39라는말씀을품고산신부님의삶이야말로제인생의좌표같은것입니다이기주의와욕심으로얼룩진이현실에서샘울같은신선함으로우리를일깨워주는다큐영화소위돈되는영화도아니지만이렇게만들어주셔서참감사드립니다
,10,한사람의희생과죽음으로끝난것이아니라그의선함에대한영향이재창출되고부활되어수십명의또다른이태석신부님이자라나는것을보면서가슴한곳이저린영화였습니다
,10,마음이따듯해지는영화요즘코로나로다들너무차가운데마음한켠이먹먹하고뭉클해집니다특히나의사로성장한아이들정말눈물나고마음이좋네요강추합니다
,10,이태석신부님은계시지않지만신부님이베푸신희생과사랑은영원히남아있다는것을알수있었던영화였습니다개인주의이기주의적인현대시대에자신의삶을다시한번되돌아보고생각하게만들어줍니다각자가꼭한번씩은보고깊히생각할기회가되었으면좋겠습니다
,10,너희가이가장작은이들가운데한사람에게해준것이바로나에게해준것이다라는말씀을실천하신신부님섬김의삶을통해톤즈의아이들의삶을바꾸고그들이다시39이태석39신부가되어섬김의삶을사네요보는내내눈물이나네요
,10,요즘같은세상에진정한사랑을본것같다
,10,아직자식은없지먼자식은부모의거울이란의미를확실히깨달은영화이고너무감동적이고여운이가시질않습니다울지마톤즈를안봐도공감할수있는내용들이고나를다시돌아볼수있는영화였습니다코로나로삭막해진이시기에좋은영화감사합니다
,10,이태석신부님이뿌려놓은씨앗들이헛되이흩어지거나말라죽지않고얼마나단단히뿌리를내렸는지알수있었다한사람이지구반대편에미친선한영향력에얼마나큰지이태석신부님은예수님같은분이셨다사랑을몸소보여주셨고말씀을실천하셨다지구반대편총소리가끊이지않고부족이다다른남수단에서음악이희망이피어나게하신그희생사후10년뒤의사약사방송인이된수많은제자들로열매맺었다신부님의사랑에영화내내눈물이흘렀다감사합니다당신의희생으로예수님의사랑을보았습니다
,10,한사람의희생의밑거름으로세상을변화시키는그의제자들미래가없었던작은나라의마을에희망의불꽃이되어먼훗날세상을변화시키는작은걸음이될수있으면하는마음이들게하네요악해져만가는마음을깨끗게하는영화입니다
,10,처참한내전의땅에서새로운미래를꿈꾸고만들어가는남수단의청년들의도전에박수를보내며꼭한번쯤보고싶고느끼고싶던영화였습니다
존 윅,,
,10,빵점주든말든상관없어나는개통쾌하게봤으니깐이영화를보게됨으로써내심장을뛰게하고아드레날린을솟구치게스트레스를풀면됬지무슨개연성스토리연연하고있어난무튼개통쾌하게봤다
,10,그까짓개때문에라고하는데존윅한텐그나마있던개였다
,10,개연성타령하려면제대로보고개연성타령해라단순한개가문제가아니라그개가담고있는의미도같이생각을해야지
,10,난총으로이렇게멋있게싸울수있는줄처음알았어진짜키아누리브스는상남자연기쩌시는듯
,10,이영화가39아저씨39나39용의자39같은영화보다평점이낮다는게참ㅋㅋㅋ8점대넘는국내액션영화들은스토리개연성있고ㅋㅋㅋ나도스토리따지는사람이지만이영화는스토리갖다버려도연출력ost그리고배우들연기력만으로도충분했던
,8,사람은자신의본성을바꿀수없다주인공은사랑하는사람으로인해본성을최대한죽이고다른삶을살고자했다하지만개가발단이되어죽었던본성이살아나게된거다그러니개한마리때문에라는얘기는그만들하시길
,10,간만에본키아누리브스영화중최고
,10,영화나보구점수줘라이런게영화야영화
,10,이영화를보면서이퀼리브리엄이떠올랐다그만큼재미있다는거지
,9,본격개를통한힐링액션물ㅋㅋㅋㅋ사운드빵빵하고액션도빵빵하고설정도군더더기없이깔끔하다괜한어줍잖은감성팔이스토리로액션영화만든것보다는낫다그러게왜개를건드려가지고는조막만하더마때릴때가어딨다고
큐리오사,,
,8,조금은진부하나마리가예뻐서집중가능
,10,야하지만뭔가좀복고적인예술느낌을주는영화
,5,상황은자극적이지만영상과연출은평이하다
2017 동명이인 프로젝트,,
,10,
,6,
,2,음별로에요하라ㅎ
,10,컷없이대사주고받는데ng많이났을것같다김다미배우님연기잘봤습니다
,10,
,1,하아암
카페 벨에포크,,
,10,내벨에포크는언제인지생각하게되는영화영상미도너무이쁘고무엇보다핸드메이드시간여행이라는컨셉이너무너무신박했음
,10,익숙함에속아소중함을잃지말자란말이떠오르네요
,9,세상이큰재떨이같았어마리안에게는어둠의1974년이빅토르에겐찬란한빛이었음을
,10,감동이다눈물났다할아버지눈빛과연기에늙어도사랑은필요하고추억을공유한옆에있는사람에게잘해주자
,10,매력적인시간여행로맨스아이맛에로맨스영화보는거지싶었다소중한사람이랑같이보면더좋을듯
,10,뜻밖의감동과여운이길게남는영화마지막엔딩꼭놓치지마세요눈물이왈칵나서혼났어요강력추천합니다
,6,아쉽다높은완성도를가질수있었을거같은데2프로부족한영화
,10,추억으로남은과거는사랑스럽고달콤하다초심을떠올릴수있다그러나거기에함몰되면안된다는듯마지막에는모두의담배가꺼진다아쉬운듯과거의환영을보며잠시담뱃불을붙여보지만이내금방꺼버린다아름다운순간에항상머물수는없기에
,7,초반적응하는데인내심이필요한프랑스감각영화15세가관람할영화는아닌것같은데
,10,너무독특하고사랑스러운영화ㅠㅠㅠ오랜만에로맨스영화본건데대만족한국에서도꼭리메이크됐음좋겠어요
루비,,
,10,영상미와연출력이돋보이고영화적상상력과연극적요소를너무잘배합한영화
,10,흑백으로제작한이유가참설득력있게전개되는작품으로연극과영화의요소들을적절하게연출해서직장인들의고민과현실타협의아이러니한경계선을독특하게표현했다
,5,흑백의영화와연극적요소가미
,10,독립영화는정말오랜만에봤음연극적인느낌사실감을느낄수있는그런영화만족
,10,
,10,배우들의연기와흑백영상이빚어내는동시대의잿빛미래그리고그앙금들이남긴무늬
,10,영화와공연실제와상상을오가는표현이흑백이라는장치와잘맞물린수작배우들연기가신선했다
,10,낄낄거리면서보다가도뭔가숨이턱막히는기분
,10,착잡하지만이게현실이라는게너무슬프네요
,1,평점조절용평점
패왕별희 디 오리지널,,
,10,최고의영화아직도가슴이먹먹하고눈물이나온다장국영이보고싶다
,10,이정도면인류의유산이라고평가하고싶다
,10,내인생최고의영화나의영화감상은패왕별희를보기전과보고난후로나뉘어질정도다평점10점도짜다고생각함시나리오의탄탄함과그것을완벽함으로이끌어낸배우들의연기력최고다
,10,20여년전어릴적봤을때도임펙트가대단했는데나이먹고보니더대단하다패왕별희를능가할중국영화가다시나올수있을까도궁금하다장국영은이영화로영원히살아숨쉬는거야
,10,극속우희의삶도삶이지만집단사고가얼마나무서운전염병인지절실히느꼈다누군지도모를사람의한마디에휩쓸려인민들이쉽사리말을바꾸고목청을높이는대목이너무나도소름끼쳤다
,10,물밀듯쳐들어오는한나라앞에서자결한우희물밀듯쳐들어오는시대앞에서자결한데이
,10,역시나지금까지인구에회자되는명작은다르다인생과사랑과예술과역사가서로오묘하게교직되어공명하면서도충돌하고모순되면서도합일을이루어낸다어떤영화가인간의삶을이토록다양한각도에서총체적으로그려낼수있단말인가
,10,보다미칠수도있음
,10,지림
,8,예술은시대로부터자유로워야한다
톰보이,,
,10,기자들리뷰가특히박평식마저너무좋아서궁금했던작품근데영화를보고나니그리뷰들은이영화의진짜를반도담아내지못한느낌이다로레야사랑해
,10,톰보이너무좋게봤어요잔잔한듯하지만감정적스릴러라불러도좋을만큼강렬하고여운이깊은영화였습니다특히로레에게많이공감됐어요어릴때나에게로돌아가서이영화를보여줄수있다면좋았을거라고생각하면서크레딧이올라가는내내울었습니다두고두고꺼내보고싶은영화예요
,8,아이가자신의존재와의미를온전히받아들일때까지어른은어떤자세를취해야하는가생각해보게된다
,10,파란색원피스가이처럼폭력적으로다가올지몰랐다
,10,햇살처럼따듯하고상큼한영화요즘같은때보고힐링하고싶은영화내청소년기생각이났어요그리고부모님들도보시면생각할꺼리가많은영화라고생각해요강력추천합니다
,10,셀린시아마감독의섬세한시선이담겨서너무좋았다ㅠㅠ
,10,잔의통통한손이카메라에잡힐때마다귀여움에죽을뻔함두자매의매력아이의성장기
,10,로레건미카엘이건무슨상관이겠어
,10,숨고싶은숨기고싶은세상을만든어른중한사람으로서미안해
,9,와우그들의마음이이렇게나잘이해되다니
이장,,
,10,진짜이건찐영화네요연기력도다들넘좋으심
,10,대박적ㅋㅋㅋ재미있다는얘기는들었는데이정도일줄은몰랐음올해의영화를만난기분
,10,연기자들의탄탄한내공감독의유머가합쳐진리얼한오남매의이야기한국독립영화수준이많이높아진것같습니다온가족이함께가서보면좋을듯추천합니다
,10,좋은영화재미있게봅시다
,10,지난해무주영화제에서본영화정말잊지못할가족애와복잡한우리나라가부장제남아선호등등의복잡한삶이영화속에후회없을기억에남을영화
,8,상당히인상적이다가부장제에대한반항이라는다소식상한주제를비범하게만들었다배우들의빈틈없는연기가일품대립이아닌또다시가족이라는결론은묵직하다
,10,옹기종기모여있는장면이너무애틋하고좋다말이없어도뭘하지않아도그저그렇게옆에있기만해도좋지않은가가족이란게
,7,굴레굴레해도이만한굴레가있을까그럼에도버릴수없는이유이영화에있다리얼해서공감되는수작
,10,배우들의찐연기연출의섬세함좋습니다
,10,내용너무재미있어요추천합니다
인비저블 라이프,,
,10,먹먹하다누구에의해내삶이좌지우지되지않기를내자신으로살아가기를
,10,영화의마지막이조금아쉬었지만영화중간중간의장면들에서생각해볼수있는것들이많은영화입니다특히동생역을맡은배우가관계후거울앞에서남편과는대조적인얼굴을하고있었던부분은충격으로다가왔어요여러모로충격적이고많은것들을생각해볼수있게한좋은영화였어요
,10,좀비영화보다가이거보고힐링받았네요
,10,최근봤던여성서사중단연최고
,10,개봉전평론가평점이높아기대했던작품인데엄청충격적이고감동적입니다특히브라질의영상미가인상깊었네요굿
,9,격정적인역사의흐름속에서저들만의투쟁으로쟁취해냈던개개인의처절한삶그속에는좌절과분노도있었지만숭고한희생과사랑도있었다보이지않는삶을산모든그녀들그리고그들에게이영화를바칩니다
,10,애비xx랑남편xx죽여버리고싶ㅇㄷㅁ
,10,올해봤던영화중제일좋았음강추
,10,보는내내마치예술작품같은영상미에반했습니다브라질영화가대세라던데
,8,영화에선보여지지않은그들의삶을상상해본다말해주지않는감정을떠올려본다쉽사리연민하지않고손쉽게안도하지않는다그저나타난표정을바라본다보이지않는삶을바라보는건사실자신의마음을들여다보는일인지도모르겠다아니면자신의마음에닿기위해스스로를지탱하기위해누군가가필요한걸지도모르고더는볼수없더라도우린그누군갈기억하고또만나며살아간다보이지않는서로의삶을간직하며사랑한두사람처럼
전망 좋은 방,,
,8,키스신이굉장히로맨틱한영화스토리도산뜻하고아기자기하다
,8,이런게영화지
,9,책을읽는분위기네요
,9,세상에나이렇게아름다운명작을지금서야보다니장면하나하나한폭의멋진39그림39들을보는듯한느낌이다유난히인상적인키스씬들이아름다운풍경들과멋드러지게연출되었으며철없는귀족아가씨가이룩한정신적인성장도감동으로다가옴
,8,잔잔하고로맨틱하다ost와풍경의조화도굿
,8,이영화는한번만보면놓치기쉬운대사가많다대사를꼭꼭씹어먹고싶른영화
,8,전에는보지못한열정과자유가있는로맨스ㅋㅋ낡았다고새로운것이없는것이아니다명작은시대를통하는것게다가덤으로이제는관록의명배우들의과거까지감상가능하네ㅋㅋ
,9,배경음악헬레나의여리한얼굴이좋다감성충만영화
,8,잔잔한연애소설을읽는듯한두근거림과함께아름다운배경들이감성을자극했던영화예요피렌체에여행갔을때영화에서의전망을상상하며호텔방창턱에앉아보던기억도나네요오만과편견이나제인에어를감동깊게봤던분이라면강추
,10,누군가의전유물이되기전에사회의구속에서벗어나진실한사랑을얻게되는루시
#살아있다,,
,2,개연성진짜할말없음
,2,영화보다중간에나온적은처음저런좋은배우를가지고이따구영화를만들다니ㅜㅜ
,4,유아인그똑똑한배우가왜이런영화를택한건지좀의문이에요
,1,노잼
,1,요즘같은양질의영상들이유튜브에썩어나는세상에이런영화가영화관에나오네요최악입니다진짜ㅋㅋㅋㅋ시간과돈이썩어나고넘치는사람만보세요영화를보는것과동시에충격혼란당황슬픔분노를동시에느낄수있고예고편이랑본영화랑내용이다를것이없는영화도존재한다는걸처음깨달았네요정말영화가궁금하신분은예고편만보세요그게전부니까
,6,개연성이1도없던영화안씻고굶어도탱탱한피부탈색머리유아인은한달이지나도머리가그대로좀비들은선택적으로문다
,2,진짜좀개판이긴함ㅋㅋㅋ개연성도없고마지막헬기소음이얼마나큰데헬기등장씬도말이안됨헬기가아파트보다낮은고도로저공비행하다가거기서나오는건무슨007도아니고ㅋㅋㅋㅋ
,1,18기대졸라하구봤는데진짜벙찌네깡통도많이남았는데박신혜구사일생으로탈출해서갑자기총왜유아인주고쏘라고함개어이없음걍가만히앉아서방에서안전히굶어죽으면재미없응께주인공들은조나어이없게사방팔방에서오는좀비들물리치면서기어나옴좀비가옆에서가만히만있으면모르고지나가기도함어이없음마지막헬리콥터는무슨밑에서기어올라오냐진짜내용단순막장에구좀비분장세트만들고참본전뽑을수있을까박신혜는지겹다고만좀나와라끝
,1,유아인이나혼자산다에집자랑하러나왔겠냐말아먹을영화인거아니까그렇게라도홍보하러나온거지ㅋ
,2,영화끝나고생각나는건진라면과짜파게티뿐이다
베스트 오퍼,,
,10,올드먼이경찰서까지갔지만클레어를회상하며고발하지않은이유는이모든가짜극속에서그녀만큼은진품의면모이길바라는마음에서아닐까
,10,이렇게몰입도가높은영화는처음입니다최근몇년간본영화중에최고입니다정말거장의작품답습니다
,9,마지막에카페에서클레어를기다리는버질의모습은잊혀지지않을것같다
,8,오리지널을추구하던주인공이카피된사랑에빠졌지만그카피된사랑이본인에게는오리지널이되어버린
,10,감독믿고본영화스토리영상음악은말할것도없고제프리러쉬연기는갑오브갑
,10,먹먹하면서아름다운이야기에최고의음악들이영화의분위기를더욱고조시키네요
,10,여러분모태솔로가이렇게위험한겁니다
,10,초기에반전을예상했는데도영화보는내내소름이돋다못해전율이일었다이토록완벽하고가슴아픈반전은없을것이다무엇하나완벽하지않은것이없는영화
,10,최고의명작을만났을때의제시할수있는최고가는그전까지살아온인생이구나
,8,난여자가보캉송의숨겨진안드로이드라는반전을기대했는데
피아니스트의 전설,,
,10,잘못눌러서본영화인데잠깐보다가다봤다최고다이영화
,10,언제봐도명작이다너무나도절절하고엔딩크레딧까지모조리듣게만드는영화팀로스의눈빛이아직도잊혀지지않는다
,10,정말사랑스런작품이다작품속모든배우들이이렇게조화로울수가없다팀로스의떼묻지않은소년과같은그연기정말살아있는연기가뭔지너무도섬세하게보여준다
,9,최고의음악영화중의하나
,10,이영화학교음악시간에보여준영화음악관련최고의영화내가본피아노영화중최고의영화심지어말할수없는비밀에서의피아노배틀이약해보이기까지했던이영화의피아노배틀은매우인상적이였다
,10,이영화는킬링타임용으론부적절
,10,눈물흘렷다감동적이다꼭봐라두번봐라세번봐라볼때마다약간씩느낌이다르다한번보고10년뒤에한번더봐라감동을두번느낄거다
,10,배에서태어나세상을배로제한해놓고사는주인공어쩌면그유한함이그의삶을더욱빛나게할수있었기에영화가더감동적이었지않나가끔ost앨범을듣는데곡하나하나에에피소드가있어서듣는내내영화내용이머릿속에그려지는
,10,팀로스의연기와엔리오모니꼬레의음악이만나최고의영화를만들어냈습니다마지막에결국눈물이날수밖에없었던영화입니다
,10,말이필요한가
라라랜드,,
,9,그래도우리잘해냈지라고말하는듯한마지막눈빛교환이잊혀지질않는다
,9,와그냥감탄밖엔안나온다영상미며음악이며조폭건달검사신파좋아하고실험을꺼리는한국의기성영화인들반성해라이제겨우두편만든신인감독이이정도다
,7,처음들을때는몰랐다이음악이슬퍼질거란걸
,10,꿈과사랑우리는항상성공인지실패인지평가만해왔다하지만라라랜드는말해준다봐꿈과사랑그흔들리는파도가얼마나아름다운지
,9,마지막회상신에서처음과달리키스신으로스토리시작될때진짜소리지를뻔
,10,내일죽으면오늘보러갈만한영화
,10,마지막10분동안휘몰아치는감정의소용돌이에결국눈물이흐르게만드는마법같은영화노트북때에도그렇고라이언고슬링은이런역할에도가튼것같다
,10,연인들을위한영화가아니다여성관객들을위한영화도아니다이영화는꿈꾸는모든이들을위한영화인생을논하는영화
,10,운행종료한놀이공원에노래가계속나오는것같다
,10,재즈가이토록설레고이렇게슬프다니라라랜드는슬픔과환희의설레임이다
찬실이는 복도 많지,,
,10,돈되는영화가아니라볼만한영화가잘되야한다
,10,코로나로일도끊기고결혼도안한30대중반의여자가이영화로위로받고갑니다진솔하지만빵빵터져요
,10,너무나사랑스러운영화ㅠㅠ강말금님의맑고상쾌한연기꼭보고오셔유
,9,꿈과일에청춘을바친이들에게공감이될영화예고편을보고희망을주지않을까극장을찾았다피식피식웃다찬실이가울때따라울었다청춘을바친쓸쓸한이들만이알수있는슬픔2020년3월5일찬실이에게장국영이나타났다면내게는찬실이가나타났다그리고함께울고함께위로해줬다지금꿈으로힘든이들이있다면꼭이영화를관람하시길추천한다내생에있어이영화는절대잊지못할것같다감독님배우님스태프님모두수고하셨습니다코로나에힘드실텐데제감상평이위로가되었으면좋겠습니다고맙습니다
,10,그렇지영화는이런거지돈많이들어간다고유명배우많이나온다구미장센에돈많이쓴다고CG장면많다고좋은영화가아니다잔잔하지만많은사람이공감할수있고본인도모르는사이주인공을마음으로응원하고이유는모르겠지만나의눈시울은뜨거워지고영화를보고나와나자신의요즘자세를반성하며다시열심히살아야지하는다짐을스스로하게만든영화39찬실이는복도많지39김초희감독님감사합니다이어려운코로나시기에이런영화를만나게해주셔서찬실이도저도2020년에복많이받았으면합니다
,8,난내가하고싶은것만해대신애써서해그래서오늘은코로나를무릅쓰고찬실이를보고왔습니다ㅎ
,10,신선함과유치하지않은위트메세지까지모두잡는영화
,10,복많은찬실이보고나면나도덩달아복이많아지는느낌이다많은사람들이봤으면
,10,오스야스지로랑크리스토퍼놀란이랑장국영이나오는데어떻게안봐요
,10,마음에위로를주고즐거움도남겨주는영화우리존재화이팅
타오르는 여인의 초상,,
,10,뒤돌아보라고했을때나도모르게속이미어왔다
,10,2020년최고의영화
,10,이영화에소피가있어서정말좋았어요그이후에소피는어떻게살았을지궁금했어요
,10,예술과사랑을동등한시선으로표현한영화가또있을까모든장면이소중하고완벽하다
,10,내가로맨스를싫어하는게아니었구나
,10,당신을그리러왔어요
,10,여운이긴명작아직도비발디의사계여름3악장이귓가에맴돌고전율이가시지가않는다칸각본상을수상한셀린시아마감독은연출력도어마무시하다카메라의구도나기법이단하나도거슬리지않고어느장면에서정지를눌러도명화처럼예술작품이될수있다고느낀다불과물자연경관도이영화의예술성에톡톡히기여한다아델에넬과노에미메를랑의시선으로촘촘히짜여있어서몇번을봐도새로운구석이보인다첫번째에는대사에집중두번째에는표정세번째에는눈시선네번째엔디테일프랑스영화여서거의모든영화제에서하필이면기생충과외국어영화상을두고맞붙고있는데어느쪽을응원해야할지모르겠다마지막으로이영화는모든여성들이기다려온여성서사작품이다아름다워서미쳐버릴수도있는영화라고확신한다
,8,파괴적인결말이아니라서좋았다살아있으면기억할수있으면된거다그럴수있다면슬프지만은않다
,10,이렇게포르노스럽지않고독립적인시선으로여성을레즈비언을그려낸영화는처음인것같다상영관이더늘어서많은사람들이봤으면좋겠다
,9,소위퀴어무비로서도완성도가좋지만사적영역여성간의금지된사랑으로써당대의거시적이고역사적인맥락평등을추구한18세기프랑스혁명과익히알려진그리스신화로표상되는사랑의불멸성및초시간성까지담아냈다는데이영화의훌륭함이있는것같습니다연출과영상미배우들의연기력등거의모든요소가뛰어나지만가장압도적인면은감독이이주제의식을많은관객들을전율시킨보편성을획득하도록어떻게엮어냈는지라생각합니다퀴어무비나여성영화라는범주에서만평가된다면유감스러울천의무봉에가까운영화
야구소녀,,
,10,두산뭐하냐유희관보다구속빠른데영입안하네
,10,보는내내주수인을응원하게된다그누구도아닌나를넘어서기위한한사람의제대로된도전
,10,모두가안된다고할때자신의꿈을향해달려가는직구
,10,자라나는모든여자아이들이봤으면좋겠습니다너희에게한계란없어
,10,끝날때까지끝난게아니다주수인을응원하는동시에나까지성장하는기분
,8,성별을넘어서프로야구선수를향해가는주수인의여정
,10,나정말궁금한게그냥여자가주인공이면페미영화임도대체뭐가문제인데이러는거지여자는주인공하면안됨
,10,그무엇이든성별이장단점이될수없다는당연한것을다시한번깨우쳐주는영화최고의영화
,10,꿈을향해노력해본사람좌절해본사람모두를위한영화함께파이팅외쳐주는기분이드는영화였다
,10,영화속주수인은차분한듯보이지만강했다누가뭐라해도자신의길은자신이택하는굳센주수인
이태원,,
,10,무심코지나쳤던공간과시간들에대해생각해보게되었음
,10,내가모르는이태원내가아는이태원그속에서살아온모르는사람의삶이라는것이흥미로웠던영화
,10,차분하게이끌어간연출이좋았습니다이태원의맨얼굴을존중하는태도로볼수있었습니다
,10,그들의삶과인생이쌓아올린앞으로도계속쌓아올라갈이태원의모습을직접들을수있어좋았다
,10,감독님다른다큐자이제댄스타임이랑시국페미도재미있게봤었는데이번작품도좋았어요기지촌성매매여성혹은그주변의여성들의현재이야기를그공간을중심으로풀어나간점이재미있었어요앞으로도좋은작품들기대해요
,10,너무많은생각이드는영화였습니다이태원에대해더알게되었고영화에출연하신배우님들의인생을다알진못해도공감가는말들이많아서좋았습니다개인적으로얼마안남은2019년에본영화들중제일좋았습니다
,10,우리가꼭알아야할이태원의이야기생생한삶의이야기가깊이와닿는다
,10,이게다큐지소리가저절로나오는생생한삶의이야기
,10,다큐가이렇게재밌을수있다니벌새감독이추천해서봤는데대만족
,8,이태원의밤거리대신낮거리를조명하다
팡파레,,
,10,정말신선한오컬트인듯배우들개개인의연기도좋고특히청부살인업자는진짜컨셉도신선하고연기도신선함
,10,중간부터나오는비니쓴백선생역할하신분이가장강하게남음궁금해서검색해봤는데챔피언에서길을잃었던건달이었다닠ㅋㅋㅋ
,10,몰입감최고연출최고이런장르영화너무좋다
,9,돈없는타란티노배우들이거의다현직감독들이야ㅋㅋㅋ
,10,어둡고처절한분위기속에서누군가에게는즐거운축제마냥계속해서울리는팡파레배우들의개성있는캐릭터와연기가좋았습니다
,10,무서운장면에서유쾌한음악이나오는게신선하고좋았고요보면서대학로연극을보고있는듯한느낌도들었어요재미있었어요
,9,임화영의존재가팡파레살다살다이렇게신선한영화를보는날이올줄은또볼수있는기회를주면또볼의사는당연히오케이올해베스트
,8,한국에서보기힘든힘뺀장르물요즘같이푹푹찌는여름가볍게즐기기에좋았음
,9,늘예산대비고퀄영화선보여주는감독고작4500만원에이런영화를만들었다는거자체로도놀라는데음악조명미술연기욕은좀줄었으면좋았을듯다좋음이것들을조화롭게잘섞은건단연연출가의역량이다상업영화제작사투자자들은뻘짓말고이런감독한테투자해라7번방의선물이딴거말고
,10,음악과영상이잘어울어진기억에남을영화
카메라를 멈추면 안 돼!,,
,9,넌리허설때부터잔소리가뭐그렇게많아
,10,인터넷평점보고찾아간허름한맛집같은영화였습니다처음엔잘못왔나꽝이었나싶지만가게에서나올때는어느샌가그맛에반해자신도남에게추천하고있는맛집과도같은영화입니다절대로화려하진않지만재밌는영화였습니다
,10,한국코메디영화들반성하자
,10,오프닝만참으면웃음폭탄이퐁
,10,외쳐퐁0
,10,이영화는미쳤다고봐야지
,10,일본의기발함천재성이게왜다른아사아영화가아니고일본영화였어나하는지를보여주는작품초반실제의37분원테이크의노고에박수를
,10,영화속의영화감독의뛰어나고기발한연출재미있게봤어요공포아니고코믹실컷웃었어요
,10,후이번년도통틀어굉장한대작을만났습니다센스터짐폭팔영화입니다
,9,열정과디테일은대자본이두렵지않다
너와 파도를 탈 수 있다면,,
,9,새로운파도는언제나와그러니까힘들고지쳐서표류하게되더라도반드시다시멋지게파도를타며나아가자
,10,최근일본애니메이션에서성장을논하는방식이정형화되고있다고느끼는일이많았는데이영화는되게신선했어요힘들었던일을완전히극복한것도아니고맨마지막에흘러나오는크리스마스메세지는정말주인공히나코가미나토의일에많은영향을받긴했지만크게보면미나토도하나의파도고히나코는또다음파도가오면타이밍맞춰서잘나아가겠구나싶었어요생동감넘치는판타지인데도계속울면서봤네요ㅜㅜ
,9,가볍게보러갔다가거의오열하고왔어요ㅠㅠ
,9,여름에무조건한번은생각날작품과ost미나토히나코둘다행복했으면
,10,나도죽은친구와만날수있다면
,8,히나코의우는모습을보여주지않은이유
,10,영화보고나와서바로오므라이스먹었습니다특별한날에는오므라이스니깐요
,10,달달한로맨스와뛰어난영상미하지만노래나올때마다손발이오글거리는건어쩔수없나봅니다
,10,역시일본애니는다재밌어요
,10,잔잔한스토리에화려한영상미에좋은음악까지너무좋았어요
원 데이,,
,10,세월을거슬러올라간마지막장면이가슴시리게하네요
,10,엠마는덱스터를사람답게해주고덱스터는엠마를행복하게했다
,9,순수한한여자가한남자를사람만들고남자가사람되면여자는떠나가는진부하지만추억으로덮기엔후회가큰그래서슬픈사랑이야기연기와영상미가좋아서몰입도가높다
,10,진짜해피엔딩만남았다고생각하는데한방먹임
,8,개인적인입장에서봤을때엠마의일반통행인사랑이아니었다는게내입장덱스터는언제나엠마를사랑한다고느껴졌던영화
,10,진짜덱스터가방황했던시간들을보면서도왠지덱스의진짜마음은엠마에게가있는것같다고느꼈는데마지막시간을거슬렀던장면을보면서진짜처음부터서로좋아하고있었구나새드로안끝났으면더좋았을듯ㅠㅠ
,10,남자는기댈여자를찾나보다그런데멀리있지않다고지금당신옆에있는그녀에게사랑하고기대세요
,10,나에겐가장의미있는영화평가하고자시고할것없이완벽하다
,9,영화를단순히영화로보기에아름답고짠하다처음부터좋은친구보단연인이었다
,9,20년간고생하는엠마자매품500일간고생하는톰
트랜짓,,
,9,2차세계대전이라는시대적배경과현대적인공간적배경의부조화남자주인공의심리를차분히따라가게됩니다주인공들의대사영화내용을자꾸곱씹어보게되더라구요오랜만에만나는매우독창적인영화라고생각합니다
,8,선생님여기가지옥이에요
,7,이거보고싶은데하는영화관이없는데어케봄반도보기시른데ㅡㅡ
,8,실낱같은희망에서잠식하는절망으로
,8,문학에서영화로영화에서삶으로의트랜짓
,10,시대가어디쯤인지알쏭달쏭했지만인간의다양한감정을다루는영화였네요또한시대를초월한난민문제에대한문제의식을제시한영화였습니다
,8,재밌는데사람들이안볼듯함떠나지도못하고떠날려고도않는사람들불안을안고지금을살아가는게고작인사람들무엇을선택하지않는것이최고의선택인사람들
,7,영화상영10분후입장해서봤는데덕분에더혼동스러웠음좋았습니다
,10,인간의사랑과아이덴티티를녹여낸시간에관한기록
,8,작품자봄
나의 노래는 멀리멀리,,
,10,느린기타리스트지희양이변하는모습을보면서따뜻하고한편으로반성도하게됐던힐링영화였습니다엄마의뒷모습좋았어요
,10,기준이라는틀에서약간벗어나면장애라는이름을붙이는현실에대하여한번쯤생각해보았습니다영화보는동안울컥울컥했어요너무너무감독적이였습니다많은사람들에게사랑받는영화가되길바래요
,10,진짜넘넘감동입니다
,10,보고나서한참동안여운이느껴졌던영화입니다많은사람들이볼수있도록상영관이많아지길하는바람입니다ㅠㅠ
,10,다큐멘터리만의현장감이느껴집니다감동적이네요
,10,장애인이아니라한음악인의이야기입니다그러나그럼에도블구하고장애인의노력과희망이돋보였습니다
,10,기타리스트김지희님의성장스토리와청아한기타소리와가슴뭉클한가족애를볼수있는영화강추입니다
,10,느리지만천천히내마음에스며들어심금을울리는영화ㅠㅠ
,10,여운이이글을쓰는아직까지도남아있네요오랜만에만난힐링영화
,10,잔잔한힐링영화가족영화이기도성장영화이기도장애영화이기도하다연출과영상미가뛰어납니다티켓값이아깝지않아요강추
어게인,,
,8,색다른장르의영화를접했다뮤지컬영화OST의목소리도너무나매력적이다생각보다많은매력이있는영화인거같다
,10,생소할수는있지만뒤로기억이많이남는영화였어요
,10,기대안하고봤는데의외로좋았음
,10,현재와과거그리고현실과환상을잘버무린작품이었습니다전편에깔린주인공의좌절불안내적갈등그리고마지막희망까지감정이잘표현되어극적긴장감이이어졌다고생각합니다
,10,독특한뮤지컬영화의태동심지어감동스럽기까지하다
,10,뮤지컬영화라갑자기튀어나오는노래에당황했지만보다보니익숙해지고노래도좋고특히주연은물론앙상블배우의춤과연기력까지더해지는흥미있는영상이었습니다주연배우가노래할때면어떤이유에서인지나도모르게툭툭눈물이흘러서깜짝놀랬습니다ㅋㅋ저예산영화라는데엄청난시도를하신듯하여칭찬드립니다잘봤습니다
,10,오랫만에마음이따뜻한영화를봤습니다힘든시간을이겨내는주인공의모습이굉장히마음에남네요앙상블의반전매력넘좋았어요
,10,연극적요소와뮤지컬울병행한주도적인삶울살어가는여성의새로운사작Ontheroad
,9,약간의기대를가지고보러갔는데혼자있어서티비보는마냥껄껄웃고엉엉울다낄낄웃고감동받아나왔어요한국뮤지컬영화는처음봤는데정말만족했어요정말감사합니다
,8,음악영화다보니음악에집중하게되었는데요먼저인트로에나온노래가너무좋았습니다그런데배우분들노래는너무좋은데다만반주가별로였고뜬금없는안무도요식당씬에서굳이안무하시는분들이나오셔서조금오글거린다할까요ㅎ그리고잔잔히반주가들어왔음좋겠는데39나이제노래한다39라는느낌이들어서흐름이좀끊기는느낌이었구요스토리랑배우분들특히어머니역할하신분이랑작가역할하신분연기랑목소리가너무좋았어요그리고제일아쉬웠던부분은마지막기생이었다면시대생각해서국악풍의잔잔한음악도좋았을거같은데기생역할배우분노래목소리도너무밝아서감동이좀반감되었어요ㅠㅠ그래도좀처럼볼수없는장르라괜찮게봤습니다더좋은작품으로다시감독님배우분들뵀으면하네요
매치 포인트,,
,9,일단배드신이이따구인거에대해실망을좀했다영화자체는처음부터끝까지긴장의연속이다웃긴게크리스가쓰레기인게당연한데영화를보는은연중에갑자기크리스가혹시걸리지않을까노심초사하게된다는거다
,9,스칼렛요한슨존나이쁨
,8,초반에크리스가읽던죄와벌이영화를관통하는키워드였군우디알렌식비틀기는언제봐도즐겁다적재적소에흘러나오는오페라도역시나좋았다그리고스칼렛요한슨의미모는눈부셨다
,8,남자주인공이정말소름끼치게쓰레기다
,6,불쌍한노라욕망의대상일뿐누구에게도사랑받지못했어
,8,인과응보를여지없이무너뜨리고운의중요함을보여준영화
,8,스칼렛요한슨의미모는이대가절정이었나보다너무아름다워서나여잔데도첫등장때조나단이랑같은표정이었음크리스를관찰하는듯한영화의시선이관객으로하여금긴장을놓을수없게한다
,8,억수로운좋은천하의OO놈요한슨1
,8,긴여운은아니지만재밌는영화반지가물속에빠졌다면어떻게됐을까나
,10,정말딱매치포인트수작인것이틀림없고대단함
1942: 언노운 배틀,,
,9,헐리우드관점이아닌러시아의시각에서본2차세계대전영화라흥미롭다선전영화느낌도없고전쟁속의러시아민중의고뇌와정치감찰을쉴세없이받아야하는어려움이새롭게다가온다독소전쟁의참상을적나라하게느낄수있다
,10,OOO기강철비2때문에망한영화하강철비보다100만배낫다이런영화가롯데타워에서도하루1회상영하더라ㅋㅋ개같은스크린쿼터제
,9,몰입도가상당함길게늘어뜨려서쓰고일점남기신분은본인이집중을못하신듯최근나온작품중가장훌륭함전쟁영화좋아하면보면후회절대안함
,5,88hh야너는평론가한줄평배끼고당당하냐ㅋㅋㅋ
,10,꼭한번봐야하는영화
,10,간만에영화같은영화본기분전쟁영화특유의박진가과액션씬전부좋았다한국영화처럼신파가득한느낌이랑완전달라서좋았음
,8,뭐어쩔수없는결과이긴하지만끝마무리가좀아쉽긴함그러나충분히재밌게볼작품임
,8,전쟁앞에서대부분의것들이무의미해지네요러시아어와독일어를같이들을수있어서좋았어요
,9,전쟁터에서깨닫게되는공산주의의모순그리고감시사회의무서움그럼에도조국을사랑하여참전한진정한러시아남자들을존경합니다
,7,전쟁액션리얼해서좋았고재밌게보았다
작은 빛,,
,10,한국영화가산업화되어잃어버린무언가를이영화는복원하였다놓칠수없는독립영화의발견
,10,가족들은어떻게살아왔을지생각해볼수있게해주네요
,8,평론가평점이이상하게높은게이상해서별기대없이관람했는데꽤흥미롭게봤습니다건조하리만큼담담한연출과는달리세심세밀한시선과고집스런똑심이무척인상적입니다앞으로가더기대되는감독이네요
,10,먹구름사이에들어온작은빛
,8,봉준호감독님이언급한마틴스콜세지감독님의말39가장개인적인것이가장창의적이다39이말에가장부합하는영화이런스타일이야기연기촬영시도해서찍고완성해서개봉하는그순간까지모두류의영화가진정한국영화의긍정적인미래다앞으로10년20년미래가궁금하고기대되는감독배우분들그기대감을충족하기위해선많은지원과관심이있어야하는건당연당장우리관객부터일부러찾아가서보고알리고좋으면좋다싫으면싫다반응보이고또기대하고해야지하는의지를새삼다시일깨우는
,8,좋은영화잘봤습니다감내하기힘든아픔도가족이있기에극복할수있다는것기억하기위해찍은것이기억을소생하는것이삶을소생하는것이되는과정을보여주는것같습니다
,10,큰빛
,10,영화를보고나서집에돌아가는어두운골목길에서가족에대해생각했습니다
,10,어릴때가족들생각이너무잘봤습니다
,10,기대안하고봤다가눈물흘리며나왔습니다20대감독님의연출력이보통이아니네요앞으로가기대되는분입니다배우들도어쩜저리딱맞게캐스팅했는지최고에요
나는보리,,
,10,다름에관한또다른시각이너무좋았다따뜻한온기를전하는영화가계속해서많이나왔으면좋겠습니다보리야응원해
,10,오랜만에힐링한기분입니다영화가그냥힐링이에요
,10,보는내내흐뭇하게웃음짓게하는가슴따뜻하고마음이평온해지는영화였다정감가는시골마을에서열한살소녀의시선으로보는가족과주변의모습이훈훈하게이어지며재미있게봤다
,10,보리의표정연기에두손두발다들었네요어린나이에감정표현이정말좋은연기보여줘서고마워요그리고정말행복하고따뜻한영화였습니다고맙습니다
,10,따뜻하고힐링되는영화였다보리가어린나이임에도품고있는슬픔이담담하게전해져서자칫우울해질수도있는영화가잔잔하고감동일수있었다보리를연기해준아송배우님이보리를너무잘표현해주신덕분인것같다
,9,청각장애가족들사이에서혼자가된묘한기분이싫어소리를잃고싶어하던주인공보리의성장스토리ㅡ우연한계기로소리를잃어버린상황을연기하던중가족들의고충을피부로느끼며소리를들을수있든없든관계없이그자체로소중하단부모의반복된워딩으로여름날늘어지듯자고함께식사하고빨래를너는지극히일상적이고평온해보이는연출연기로오롯이담아내고있다
,10,영화제에서두번보고가족과보려고개봉을손꼽아기다렸다세번째보는영화임에도도입5분과마지막엔딩크레딧에서밀려오는감동은여전했다극장밖푸른하늘을보니영화OST를들으며주문진으로가보고싶다하나부터열까지모두있을까둑보리흰구름푸른하늘친구은정이따뜻한이웃들주문진맑은바다자장면짬뽕탕수육아빠엄마남동생정우이모든걸담은기타선율보리가걷던길을걸으며나도보리라
,10,장애를극복해야할것으로치부하지않는영화이런영화가바로좋은영화인것같아요재밌게잘봤습니다
,10,bgm으로흘러나오는피아노선율이영화에잘녹아들고주문진바다도너무아름다워요따듯한영화
,9,나는보리당신도이영화를꼭보리
인셉션,,
,10,집에가기가장어려운영화
,9,SF로서는매트릭스1편이후처음으로대중과평단의지지를모두얻어낸작품이라고생각한다마지막에팽이가돌땐나도돌아갈지경
,10,메멘토를보고이야이작품이21세기최고작이다gt배트맨비긴즈를보고이야이작품이21세기최고작이다gt다크나이트를보고이야이작품이21세기최고작이다gt인셉션을보고이야이작품이21세기최고작이다끝없는데자뷰를일으키는놀란감독
,10,몇번을봐도질리지않는최고의영화
,10,5번정도봤는데드디어이해가간다이걸한번에이해한사람은진짜천재이고무엇보다도이런영화를만든놀란이정말대단하다경의를표한다진심으로내인생에있어서최고의영화이다이보다더대작은지금까지본적이없다
,10,평점1점주는사람들은머리가나빠서이해를못한사람들이다
,10,영화관에서봤었던게자랑
,10,개꿀잼뛰어난영상빈틈없는설정명배우명감독완벽한ost최고
,10,다이해했다고착각하지들마라이건캐면캘수록새로운게나오는노다지광산같은영화여다섯번이고열번이고계속볼수록보지못했고이해하지못했던것들이하나씩계속나타난다
,10,씨네21박평식아자씨가8점주면말다한거다얘들아ㅋㄱㅋㄱㅋㄱㅋㄱㅋㅋㅋ
스타 이즈 본,,
,10,앨리는잭슨에게사랑을잭슨은앨리에게세상을선물했다
,10,인생에서어떤사람을만나는지에따라인생이바뀔수있다
,10,연기연출음악하나도빠지는게없다올해본최고의음악영화
,10,형후진할때충열된눈연출진짜절제하면서잘담았어요노래는말할것두없구요ㅜ와브레들리
,10,비긴어게인라라랜드보다더재밌었다
,10,무지션은12개의음을자기의방식대로만들어가는것이라했다마지막5분은서로의마음을합쳐부른노래가모든장면이돌아와내마음에박혀서눈물을안흘릴수가없었다올해최고의음악영화이다
,10,녹음된게아니라죄다라이브였다니
,10,가슴이먹먹하고눈물이줄줄왜때문이지영화보고나와서바로내일날짜로다시예매했다같이간바보멍청이같은남편의팝콘씹어먹는소리가너무거슬려서영화의초반을1정도놓친것같아나혼자조용히다시보고싶다평일낮에조용히
,9,Alwaysrememberusthisway영화속잭슨과앨리가오랜기간가슴속에서잊혀지지않을거같다두고두고회자될영화
,10,브래들리쿠퍼의연출력레이디가가의연기와가창력마음을울리는음악무엇하나빠진것이없었던완벽한영화
파리의 인어,,
,9,알록달록다채로운색감배우들의뻔뻔한연기순수한인어그리고사랑이돋보이는영화영상미가좋고ost도사랑스럽다다소개연성이떨어지지만판타지영화에개연성을왜바라나연인또는썸남썸녀와보기에손색없는로맨틱코미디임
,10,동화책한편을보고나온느낌연출영상이너무아름다워보는내내설레었고수족관신은정말최고두주인공들의케미에피식웃음이터지기도배경이파리말해뭐해당장봐야지
,10,영화가이렇게아름다울수가없습니다사랑해서는안될사람과사랑에빠져본적이있나요라는질문을던지는영화이기도합니다34당신이나를사랑하지않아서정말다행이에요34라는룰라의말과진주눈물을흘리던장면이계속기억에남네요보면서셰이프오브워터랑노킹온헤븐스도어생각도나더라구요결말도희망적인것이정말전연령재밌게볼수있는영화같아요관람적극추천합니다
,10,간만에화면이아름다운영화다운영화를보고왔습니다러닝타임내내파리에서인어와함께즐기고사랑한듯한정말간만에느껴보는아름다운경험을할수있는몰입감높은영화였어요
,8,인형처럼예쁜인어와낭만감성의소유자가스파르의로맨스그보다더동화적분위기작렬인영상미가단연돋보인다더불어동화책을활용한연출도아름답다
,10,내가딱상상하던인어가그대로화면에진짜영상미너무예뻐요어른들의동화같은느낌이랄까파리전경도너무아름다워서여행가고싶은마음듬뿍ㅠㅠ두사람이듀엣부르던장면이가장기억에남네요
,10,사랑은동화같은것
,10,어른을위한아름다운동화
,9,낭만적이고순수한사랑이야기분위기가잔잔하고동화같이예뻐서설렜음그나저나바버렛츠언니들을여기서보다니반갑네요
,9,생각보다재미있고노래가좋음
슈퍼 레이스,,
,10,레이스를주제로한애니메이션이라너무즐겁게관람햇네요
,9,강아지넘귀염뽀짝보기만해도시원해서지금보기딱좋은영화
,10,조카랑함께봤어요ㅋㅋㅋ너무좋아하네요
,9,속뻥뚫리는시원한레이스ㅎㅎ겨울영화같아보여도여름에딱어울렸음댕댕이도졸귀
,10,24살먹고혼자봤는데너무재밌음
,10,캐릭터들이귀엽고시원한레이스를즐기는스토리좋았습니다슈퍼레이스홧팅
,10,무더위를잊어버리게하는영화였어요같이레이스를시원하게펼치는기분이들었습니다강추
,10,조카한테사랑받는방법오스트넘좋음
,10,더운여름에시원하게달라는레이스보니너무좋았어요캐릭터왜이렇게귀여운건지ㅋㅋㅋ
,10,정말재밌게보고아이들에게교육적으로도좋아서주변에추천해줬는데상영관이너무없네요하루에한번상영은진심너무한거아닌가요주변극장에서전부반도만틀어주니참볼수가없네요
욕창,,
,10,어느가정에나존재하는드러내지못한이야기
,10,각자의입장이넘나이해되는상황입니다후반부엔가슴이먹먹해울컥하기까지마음이저려오네요
,10,어두운소재지만내용과연출은힘이넘침너무좋은영화고많이봤으면좋겠음
,10,오랜만에시간을잊으며몰입해서본영화
,10,영화정말최고네요부모님과다시보러가고싶은영화입니다
,10,코믹멜로슬픔애잔함까지오랜만에연기스토리연출등모두맘에드는작품을만났네요정말또보고싶을정도로완성도높고배우분들의연기에박수를치고싶습니다
,10,딸역할에이입되서보았습니다아버지나남편이나어휴우리네생활사가담겨그런지보는내내무슨일이터질까조마조마하며보았네요배우님들이다연기를잘하셔서너무몰입도있었어요가족과함께다시볼꺼예요
,7,가족의테두리안에서깊숙하게파인내면의욕창을들여다본다
,8,
,8,너무현실적이네요눈물이나고부모님생각이더납니다
"안녕, 미누",,
,10,마음을움직이는영화
,10,미누씨의삶에대해다시한번생각하게만든웰메이드작품이에요
,10,1세대이주노동자들에게시민이될수있는기회조차주지않고다추방시켜버린것은우리가얼마나다름의존재를배척하고혐오하는문화를가진사람들인지를말해준다이영화를통해우린우리와다른존재들은어떻게껴안고함께공존해나갈것인지생각해보는시간을가져야할것이다
,10,안녕미누착하고따뜻하고잘만든영화
,10,미누씨미안하고고맙고사랑합니다
,10,한국을고향으로여기고그리워했던미누씨의애틋한마음에울컥울컥합니다지켜줬어야할소중한사람이렇게영화로만들어주셔서알게됐네요따뜻하고감사한마음에더해모르는척했던뾰족한마음반성합니다
,10,
,10,우리가준것은추방과편견뿐인데그에게받은것은사랑밖에없었다일평생대한민국을사랑해준고마운사람이제그의삶으로더나은미래가올지도
,10,가벼운마음으로보러갔다가무거운마음으로나옵니다다큐멘터리인데진짜영화같은이야기입니다이주노동자의삶에대해서생각해보는계기가되었습니다
,10,다큐가이리도재미있을수있단말인가그러면서도내생각에변화를주는울림까지띵작이다
에베레스트,,
,2,중국인들은영화까지정부의검열을받나보네장르를가리지않고중화사상이안들어간영화가없음시작부터끝까지우리중국이세계제일이야짱이야하는지들끼리자화자찬하다끝나는영화
,1,중국특히주인공인오경이세계평화를지키고지구도구하는등중화사상이들어있는영화를그간수없이많이봐왔지만이번영화가그중최고였던것같다가장가관이었던것은초반에사고로사망한첫등반대장의대사였는데관람하는내내잊혀지지않았습니다39방오주이제네가등반대장이다꼭우리산의정상에올라가다오39언제부터에베레스트가중국의산이었는가
,1,중뽕치사량크으
,1,평점왜10점임ㅋㅋ
,1,중화사상을제외한다쳐도영화자체평가가사치인영화임티엄청나는cg부터스토리전개캐릭터매력다꽝임툭하면감동적인노래틀어감동주려고하는데기가차기만함
,1,중공군정훈교육시청각자료급영화
,1,개중뽕쓰레기영화극혐수준
,1,너무심한국뽕은반감을불러일으킨다어느정도껏해야지중국홍보영화돈받고봐야할듯
,2,중국이짱이다라는영화중국영화는다자기들이짱이라고함중요한건우리나라도국뽕에취해있음
,1,페미니스트들의추천영화입니다
유령선,,
,6,연평도천안함사건도잊지맙시다
,10,꼭보세요저도전자제품파는데중국해당지역에거래처가있어요지역의특징상으로도일리가있네요그동안꾸준히조사하고있는사람이있다는것이신기하기도했습니다감독님이정말끈기있으시네요
,10,꾸준한조사감사드립니다제대로밝혀지길바랍니다
,4,이번정권뭐하고있나요진실을밝히라고만하고필요할땐세월호들먹거리면서정권잡은지3년이나됐는데왜아직까지밝히라고만하고진전이없나요
,10,날것의숫자들이증명해주는그날바다의거짓들
,10,별점1점은뭐지알바썼나ㅋㅋ정말잘봤습니다뭘자꾸진상규명하라고하냐고하시는분들이있길래화나서남겨요박근혜가감옥에들어가고배만꺼내면다인가요왜조작했는지그리고배에는뭘실은건지구조는왜안했는지전부다밝혀내야죠아직도수면위로떠오르지않은감춰진진실들이너무나많은데뭘자꾸그만하라는건지모르겠네요이렇게계속조사해주셔서감사합니다
,10,39그날바다39를보고진짜경악을금치못했으나생각의한편엔아직확실하지않다라는생각이있었는데39유령선39을보고확신이생겼다분노가치밀어오른다단순감정에호소하는영화가아니다슬픈영화도아니다데이타분석에의한다큐다박근혜대통령기록물반드시다열어봐야하고제대로된진상규명해야하고관련자들모두처벌해야한다
,10,몇년전lt그날바다gt라는영화가상영되어세월호고의침몰의혹이고조되던시점에뜬금없이무슨밸브고장때문이라며찬물을끼얹었던뉴스타파인간들아이영화똑똑히보고어디또한번반론을제기해봐라
,10,세월호가지고다큐좀그만만들라고니들은세월호가왜침몰했는지모르지당연한거야검찰에서적극적으로수사안하고그냥묻어버린건이유가있어서야이런사람들이안나서면도데체누가세월호에대해이렇게자세히조사할까생각좀해라니들이야말로세월호사건을가만히두고잊어버리려는자세가유가족들을더힘들게하는거야알겠냐
,10,탐사보도가이루어낸최고의경지거짓과공작으로묻혀져가는진실을파헤치는집요한영상리포트억울하게떠나간아이들의원혼앞에서어른들의악랄한행각을밝혀내고심판한다
벌새,,
,8,손가락을움직이는이세상모든은희들에게
,10,방금봤는데올해최고의작품인정이런게진짜한국영화의힘이다숨막히게세상을짓누르는압력에세밀하게그압력이빠져나가는곳은바로우리의삶이다이렇게세상의일을개인생활속에투영시키는영화는이영화가최고다더이상할말이없다
,9,언니그건지난학기잖아요ㅜㅜ
,10,김새벽의말들이모든이들을달래어주는것만같았다여운이오래갈것같다
,10,한개인의흔들리는내면을통과하며함께흔들거리는사회도보여준다
,10,은희는어떤어른이되었을까요
,10,디테일이좋았다다시보고곱씹어보면더여운이남을듯한번더볼것김새벽배우하트
,8,영화를보는내내김영지라는사람의인생을듣고싶다는생각을계속했습니다그리고수술해야한다는은희를보며우는아버지반찬을덜어주는어머니그관심에기분좋아웃는은희어릴때의내가생각나안아주고싶었어요
,9,어떻게사는것이맞을까어느날알것같다가도정말모르겠어다만나쁜일들이닥치면서도기쁜일들이함께한다는것우리는늘누군가를만나무언가를나눈다는것세상은참신기하고아름답다
,10,GV할때모든관객이울고저마다의은희를고백하는과정이아직도선연하다가부장제는우리세대를관통하는지극히폭력적인원체험이다
소공녀,,
,10,미소는집만없었고다른이들은집만있었다우린어디쯤있는걸까
,10,근래본한국영화중최고였다이런영화가잘되어야한다
,10,다들미소를보고위안을얻는다고하는데전미소처럼될까봐무서웠어요마음이따뜻하긴한데괴로웠어요어떻게다들이게자신에게안일어날꺼라고생각하실수있죠잔혹하고아름다운서울동화였습니다발견하기힘든가치의영화였습니다
,9,다수에게손가락질받는인생이라도내삶이있으니정말용기있는삶에박수를보내고싶었다집이없지생각과취향은있어담배위스키그리고너나에겐지금무엇이위안이되고있지
,10,물질적풍요보다정신적풍요가훨씬더중요하다생각하는사람이라이영화가너무좋았습니다보는내내행복했습니다
,8,집이없는미소가마냥행복해보이지만은않았다사랑하는남친은현실에굴복하고떠나버렸고여기저기친구집을전전하며눈치보는생활을해야했던그녀정말그녀는행복했을까
,10,가장힘든건마음의집을잃는것이다
,10,그래도집은이라는나의생각에뜨끔했다나의기준으로상대를판단하지말것이다
,10,미소는성공한인생이다하룻밤이라도방을내어주는친구가몇명이나있다는건정말성공한인생이다
,10,모두들슬픔하나씩은안고사는구나청춘에대한이야기도아니고욜로라이프이대한이야기도아니다꾸역꾸역하루하루살아가는우리들의이야기를담은영화
우리집 똥멍청이,,
,10,샤를로뜨갱스부르여전히존멋오랜만에스크린에서봐서좋았습니다ㅋ스토리도공감가는현실가족이야기라굳
,8,지루할것같지만전혀그렇지않고몰입하고재밌게봤다프랑스식유머라기보다는누구나웃을만한요소가많다결말이예상되는조금뻔한전개긴하지만지루하지않고재밌게흘러갔다는점에서높은점수를주고싶다
,10,새를로뜨갱스부르가엄마로나오는모습도신선하고실제커플인이반아탈과의케미도좋았어요무엇보다똥멍충이너무웃기고귀얍ㅋㅋㅋ
,10,별생각없이보다가시간흐르는줄몰랐다
,10,주말영화편안하게보고싶은영화찾다가제목에끌려서선택했던영화기대이상입니다연기스토리그리고번역도올드하지않은영한느낌에OST가찰떡이네요지루할것같지만전혀아니여서더몰입할수있었고충분히공감할수있었던가족영화네요재밌게잘봤습니다
,5,코믹영화인줄알고봤으나코믹영화아닙니다진지한영화에요돋보이는촬영효과가있고프랑스영화느낌의거친느낌이있습니다노렸다면노력이고대충이면대충일것같은느낌들이인상적이였네요
,10,진짜너무잘만든영화인생에대해생각해보게하는소설형식의편집기법이지만작위적이지않고너무좋다
,8,스토리도연기도다좋았습니다가족에대해생각할수있는좋은시간이었어요
,10,똥멍청이계속보니정든다프랑스나한국이나가족들사는건비슷한듯좀비만연속으로보다가오랜만에가족코미디로마음을진정시킬수있어좋았음
,10,굿배우들의연기와배경째즈음악과감독의연출다멋졌습니다
트로이,,
,9,처음부터끝까지레골라스떔에빡치는영화
,10,진짜명작이네요이영화를왜이제서야봤는지극장에서봤으면더재밌었을텐데하는아쉬움이계속그나저나브래드피트는왜케섹시한거야
,9,프리아모스왕과아킬레스의장면은지금봐도눈물이
,10,다좋은데트로이프리아모스왕이불쌍해보이는건나뿐인가
,10,신화가실제로어떤사실에근거해만들어지는지를보여주는영화허항된영화같지만의외로세세한부분들이역사의고증을따른살아있는케릭터와재미있는이야기에전쟁의슬픔까지도보여주는영화명작임에틀림없다
,10,난남자인데아킬레우스보다도헥토르에릭바나가너무멋있다진심
,10,동생이사고치고형이수습하는이야기
,9,파리스너무빡침브래드안죽길바랬는데그래도선과악이존재한다는걸느낌진짜브래드오빤상남자
,10,헥토르는먼죄야ㅠㅠ
,10,브래드피트섹시하구헥토르너무멋지닷전쟁에나가기전병사들에게항상왕을섬기고조국을위하며아내를사랑하라멋쪄거대한전쟁장면에눈을땔수없었다능음악도좋아
로제타,,
,8,죽고싶지만죽을수없는운명우리의삶도로제타와비슷하지않을까인생이란축복이자한편으론저주가아닐까삶의배경을한번더생각할수있었고먹먹하게만든영화지금처해있는상황이로제타와비슷해서그럴수도평범하게살고만싶다
,8,정말짧은러닝타임내에서정말중요한것만보여주는영화였어요누가로제타에게돌을던질수있을까요영화가끝난뒤OST들으며다시되새김질하려고했는데생각해보니OST가없더군요그치만OST없이도충분히다시금떠오르는영화였습니다
,8,왜약자들끼리만싸워야하는가로제타와리케두사람모두잘못이없다
,10,삶의무게를온몸으로지탱하는로제타를보며나자신을많이반성했다
,8,죽는것도돈이있어야하는아이러니없이지내는삶에서인간적존엄과도의적신념을지키며산다는것의어려움을느끼게해주는영화투박하지만날것그대로의연출이인상적이었습니다
,9,불안은끊임없이삶을잠식하고연대의희망은실낱같다
,10,가스통진짜영화보면서내가대신들어싶더라영화이긴하지만진짜잘되라고응원해주고싶다
,10,괜찮았습니다조용한시간에조용히생각하면서볼수있는영화
,7,사실을잘포착한영화에는효과음이나음악이필요하지않다는것을느낌
,10,살기도힘들고죽기도힘들다로제타옆에리케가있어줬으면좋겠다
보희와 녹양,,
,10,여름의청량함과십대의생생함이살아있는영화입니다남주가연기를아주잘합니다
,10,이계절에꼭봐야하는영화영혼을맑게씩씩하게해줄이런영화를기다렸다
,10,가족구성원이나성별에대한사회적인편견을내용을담고있는데부담스럽지않고밝고유쾌하게보여주는것같아요대표님덕분에재밌게봤습니다김주아님나중에다른영화에서도보면오늘본보희가생각날듯해요
,10,누구나하나쯤은갖고있는개인적부재를바라보는감독의시선한시간반동안울고웃고부담스럽지않게마음에녹아드는이야기이시대꼭필요한영화
,10,1억점이없어서10점드립니다
,10,단점은없고장점만있는전무후무한영화
,10,보희와녹양이너무싱그럽다정말청정그이상의영화
,10,영화가끝날때까지편하게감상한것이정말오랫만이었어요
,10,작년부산국제영화제에서보고개봉하기를기다렸어요재미있고따뜻하고여운이남는영화
,10,지금옆에있는따뜻한사람들을생각나게하는영화였다
"안녕, 나의 소울메이트",,
,10,올해본영화중에최고였다끝나고나서위여운이너무강렬해울음이멈추지않는다
,10,살면서느낄수있는모든감정들을꺼내보고곱씹어보게하는그런영화여운도너무남고다시보면영화가완전히다르게느껴질듯
,9,남자가제일나쁜놈ㅠㅠ
,10,이런영화를만날수있었던건행운입니다슬프다기보단마음이벅차올라서눈물이나더군요제주변에도몇분이훌쩍훌쩍긴말안할께요꼭보세요
,10,주동우의매력은끝이없네요
,10,내인생의소울메이트영화중국영화라고기대하지앟았던과거의나반성해라주동우마사순처음보는배우들인데완전덕통사고당함ㅠㅠㅠ
,8,나를가장아프게했던사람은내가제일좋아했던사람이었다
,10,칠월이가너무불쌍함ㅠㅠ
,9,칠월처럼부모님말듣고정해진틀에서사는사람도있고소수이긴하지만안생처럼정해진틀을깨고자유분방하게사는사람도있고누가맞다고할수는없지만서로를이해하는과정이아름다웠습니다
,10,진짜2017년본영화중손꼽히는영화배우들연기도좋고푹빠져서봤습니다그시절내친구가생각나게하는영화
시티 오브 갓,,
,10,내인생에10점짜리영화는별로안된다그중에하나가바로이영화이다현장감있는연출과카메라앵글케릭터들이모두생동감있고몰입도가상당하다영화를보고나면마치내가브라질빈민가에서살아봤던것처럼느낄정도로정말잘만든영화이다
,9,이영화보면브라질가고싶은마음이사라질것이다
,8,악순환의연속
,10,오프닝시퀀스가모든것을얘기해준다죽음을기다리는닭은가까스로탈출하지만결국다시잡힐수밖에없다
,8,브라질의마약과총기폭력의굴레에벗어나지못하는현실적인이야기
,10,사실적이고실오라기하나만걸친영화무례하지만가식적이지않은영화최고의찬사를받을만하다
,9,믿기힘든참혹한현실을단지스크린으로보게된것이얼마나다행인가인간의본성에관해다시금생각하게하는영화
,10,진부한헐리웃영화외는다른수작
,10,개꿀잼쌈바좋아서브라질갔다가어떤일당할지예상이가는영화
,10,정말나의인생영화탑텐에들정도인명작중에명작인하나정말오랜만에다시보련다다시보는영화들이극히드물지만그정도로이영화는다시한번즘보고싶다중간에정말스토리전개죽이는부분을다시보고싶어서그런것이다
광주비디오: 사라진 4시간,,
,1,버스로경찰밀어버려서죽이는장면도나오나요
,1,평점이왜이렇게높나했다그이유를알것같다역시전라도민주화운동하던자들이대한민국을장악했는데민주화는안되고공산화가되가고있냐대답좀해봐라빨갱이들아
,2,이게왜10점인가했네요
,1,문재앙지지율떨어지니까또과거사팔이나오죠ㅋㅋㅋ
,2,북한도문화로세뇌교육을하겠지북한사람들을빼닮은그들
,1,너무재미있어서제가딱1점드리겠습니다
,1,영화로정치질하는것극혐정의팔이하면서특정배우김규리밀어주는건개극혐
,5,이념하에무고한산밤들이희생된사건이지근데이제는발전을위해재조명할시간이되지않았을까이젠이런정권의이익을위한류의영화를더이상보고싶진않음한쪽의의견이아니라팩트에근거해서중립적인시각의영화가나와야하지않을까
,1,선동조작날조의그리운빨갱이나라폭동을폭동이라부르지못하는
,1,영화팔이에두번속냐ㅋㅋㅋ
바람의 언덕,,
,9,머리로는이해안가지만가슴으로이해하는
,9,충분히그럴수있다배우들의연기가날설득하고이해시켰다
,9,내가사랑했던엄마의모든것이새삼그리워집니다
,7,바람처럼스며드는용기로서로에게따뜻하고또따뜻할두려움을건네는언덕에서
,10,참아내는삶속에서서툴게표현하는사람들
,9,편하게별다른생각없이지나쳐갔던일들과인물들을생각하게하는감동의영화주변의모든것을소중하게바라봐야겠어요
,9,주인공두배우의연기호흡도잘맞고너무훌륭한연기였습니다감정선을아주잘그린영화네요오랜만에마음을울리는좋은영화를봐서흡족했습니다
,10,이졔완전히경지에오른연출과정은경장선두배우의완벽한연기가매력적인영화차곡차곡쌓아올린감정이폭발하는후반부다리씬은올해최고의명장면이다
,10,도망쳐온모든이의여생이좀더가벼워질수있길남겨진모든이들에겐초연한용기가깃들길
,3,너무지루하다그리고재미하나도없다스토리또한최악
우리들,,
,9,그럼언제놀아눈물이핑돌았다
,8,애들이무슨걱정이있냐는따위말은하지않기를
,10,관계라는건아이에게나어른에게나모두어렵다그초조하고불안하고미묘한마음들이너무세밀하게담겨있어서무척공감됐다게다가윤이는너무귀여웠음혼자보기아까운영화
,9,맑고예쁘고잔인한너희들결국은우리들
,10,어린시절일기장을어른이되어꺼내본듯한영화였습니다지금은추억이되었지만그때그시절최대고민이였던관계에대한궁금증그시절어쩌면내모습이였을지도모를그초조한눈빛을어린배우들의연기에서볼수있었습니다
,10,심리묘사가소름끼칠만큼섬세해서한시간반동안몰입해서봤어요
,9,아이들에게무슨마법을부린걸까요너무나사실적이면서도여운이남는영화네요아이들과어른모두가꼭보았으면좋겠어요
,9,좋았습니다상영관이랑상영시간좀늘려주세요
,10,저번에출발비디오여행에서봤어요초등학생들의갈등그리고그들의우정이야기어떻게보면뻔하겠지만그래도전혀조미료들어가지않은순수한아이들의모습그대로를영상으로만든거같아서좋아요영화얘매상영관좀늘려주며좋겠네요
,10,보는내내울었다나는선이였고지아였고보라였다두번째보는데볼수록용감한선이의모습에자꾸눈물이난다여덟번더봐야지
다가오는 것들,,
,9,행복을기대하지만사실그자리를채우는것은희망이다
,10,극장이이렇게많은데상영해주는영화관이어떻게이렇게없을수가있나요
,9,내삶에다가오는것들을겪고견디고남몰래눈물흘리기도하고태어난손주를안고미소지으며살아간다더이상젊지않으므로젊지않으나지금을온전히살아간다
,9,지적인여성과그부류들의잔잔한일상을엿볼수있는기회우리는취업에도움안된다며대학에서조차사라지는철학을고등학교에서가르치는교육이좋아보인다인문학은오로지인간만이누릴수있는지적산물아닌가
,9,부럽네요철학의나라
,9,우리는행복을기대한다만일행복이안온다면희망은지속되며이상태는자체로서충족된다
,8,삶에다가오는변화와그주위를채우는지성
,10,책처럼책장에뒀다가또읽고싶은영화
,9,다가옴을막을수없으니견딜수밖에
,7,나의의지와상관없이다가오고떠나는것들에눈물짓지말고나혼자의홀로서기를준비하라
백년의 기억,,
,2,전세계를상대로한희대의구라비핵화질낮은연기와연출퍼포먼스
,1,남북연락사무소터졌는데영화감독은무슨생각하고있을까
,1,오늘연락사무소사라졌음3년간노력이물거품으로변했음
,2,ㅋㅋㅋㅋ코미디다큐가아닐런지
,1,아0점이없네
,1,북한의개들공산주의초종자들김씨왕조의걸래들
,5,백년의기억을옥류관국수에말아잡순남북짱들ㅉㅉ
,1,정신못차리고또또ㅉㅉ
,1,진짜미친것들인가
,1,그냥현정권선전물
비행,,
,10,전주영화제에서놓쳐서개봉만기다렸는데독립영화에서는보기힘든연출과연기였다박수를
,1,진짜평점보고낚였네첨부터끝까지지루하다
,2,평점보고봤다가완전낚시당했네진짜개재미없어요별1점도아깝
,10,벼락끝청춘의투박하지만필사적인날개짓을그대로보여준다
,1,몬이런개똥같은ㅋㅋㅋ
,5,이정도독립영화흔하진않지
,1,배우가연기를잘하는게아니라평점알바들이더연기를잘하네
,10,거친느낌을그대로담아낸듯한느낌간만에새로운영화를본기분ㅎㅎ
,10,마약과관련돼서자극적인내용인줄알았는데보는내내재밌는장면과연출이이어져서볼만합니다탈북민의다른환경에서살아가는데답답함과양아치의환경도이해하게되는영화여서10대20대들이이영화를보고영화처럼비행할수있길바랍니다
,1,평점주작오지네안본눈삽니다
프리즈너,,
,2,진짜보지마세요개오글거리고병맛에스토리도쉣이고연기도못함남자친구가보자고해서지금영화보는중인데이걸보자고한남자친구한테존나화나미치겠음옆에서쳐자노ㅠ
,1,오지호도다됐네이런쓰레기영화에나오고이런영화는잘될지알고만드는거가진짜거지같네
,1,이딴영화만든감독을감옥에쳐넣어야된다
,1,진짜기승전결완벽한노잼영화
,2,절대보지마셈쓰레기영화ㅋㅋ클레멘타인이하
,1,요즘알바자리없다더니다여기서평점알바자리구했냐
,1,낚이지마세요시간이똥보다가치가없으면보세요
,2,와왠만큼재미업는독립영화는명함도못내밀겠다ㅋㅋ카메라동선도안나오는독방에서의액션씬은정말최고였다내가아이폰으로찍어도이거보단나을듯ㅋㅋ와신선한충격
,1,ㅋㅋㅋ개너잼ㅋㅋㅋ그냥개노잼진짜노잼
,1,오지호형님한테너무뭐라하지말자처자식생기면남자는뭐든지할수있다ㅠㅠ
가버나움,,
,9,멋진차고급아파트를가질수없어가난이나쁜게아니다가난은그것으로하여금인간생전체적으로가능성과존엄성을앗아가기때문에나쁜것이다
,10,뺑반극한직업보다2억배가치있고의미있는영화작년에신과함께2독점때매플로리다프로젝트가흥행못했다진짜한국영화스크린독점현상심각하다
,10,기독교선교자들인가요난민보호소에서노래로위로하던장면처음엔어이없고욕이나왔는데생각해보니우리모두를꼬집은감독의의도같기도했어요진지한고민도실질적인도움도없는값싼동정심으로끝나는우리모두의모습
,10,자인이요나스에게최선을다하는모습이누군가자신에게해줬으면하고바라는최선인것같아서마음이아팠다자인이요나스를보내고돌아오는버스에서흘리는눈물이여동생을잃고흘리는눈물이자기자신에게흘리는눈물같았다
,10,엄마의말이칼처럼심장을찌르네요
,8,콘돔보급이시급하다딸이죽었는데그와중에또임신한거충격이다신이하나를데려가면다른하나를주신다는말은정신병인가
,9,낳기만하고기르지않는어른들을향한한소년의외침
,10,태어나고싶어서태어나는아이는없다모든아이들은부모의욕심이다
,10,신파억지감동과는비교가안된다
,10,엄청난영화다영화가끝나고도자리에서일어날수가없었어마지막에자인이가웃는모습에서눈물이흐르더라
고양이 집사,,
,10,마음씨따뜻한집사님들덕에고양이도사람도행복해질수있는것같습니다많은분들이보시면좋겠네요
,10,저는이영화를보는내내왜눈물이났을까요아직도척박한길냥이들이많음에학대당하고유기당하는냥이들이많음에맘이아프고슬프고속상한건분명하지만세상이점점변하고따뜻한분들이많아질거라는기대희망을가져보게되는영화입니다많이들보셨음하네요
,10,공존에서공생으로
,10,정말따뜻한영화네요
,10,보는내내행복했어요ㅠㅠㅠ진짜힐링하고온기분입니다
,10,마음이따뜻해지고너무귀여웠던냥이들길고양이를지나치게슬프거나고생의대상으로보지않고편안하고우리와함께공존하는느낌으로풀어나가서더좋았다분하거나슬픈거전혀없고아이들도즐거운마음으로마음껏볼수있는영화고양이들이행복한세상이어서오길바래봅니다정말귀여웠던레드은근존재감컸던조폭이ㅎㅎㅎ중국집아저씨도정말존경합니다춘천놀러갈게요노량진아주머니들도너무감사하고태교중이었는데냥이들덕에힐링잘하고왔어용
,10,따뜻한영화잘감상했습니다요즘많은가람들한테알려져야하는영화인간들이자연파괴로인해동물들을갈곳없게만들어놓고인간자연동물함께공존하는세상왔으면좋겠어요더이상인간의이기심로인해자연파괴될일이없고동물들도편안하게사는모습간절히바랍니다제발그조그만한애들한테욕하고돌던지고발로차고학대좀하지마세요ㅠㅠ굳이그리야박할필요있을까요ㅠㅠ사람만동물를안해친다면동물들두절대로사람안해칩니다그냥가만히놔둬도굶줄임에아픔에오래못사는불쌍한아이들입니다ㅠㅜ힘있는자가힘없고약자를보듬어주는세상동물과인간유대감꼭필요한세상오기를빕니다
,10,귀여워서34아3434오오34같은감탄사가나오려는걸참느라입막고영화를봤어요곳곳에숨은킬링포인트들을발견하면나도모르게마음이스르륵녹아내린답니다오랜만에마음이힐링되는귀와눈이피로하지않은영화를봐서행복했어요
,10,길고양이들을돌봐주시는많은따뜻한분들이계셔서다행이다라는생각이들어요보는동안속상할때도있었지만힐링되기도했어요많은분들이봤으면좋겠어요
,10,고양이와인간의공존을다시한번생각하게합니다너무좋았어요
국도극장,,
,10,솔직히감상평을쓸정도로글솜씨가좋지못한건사실인데한편으로는그런생각도든다내가보고내가감동받았으면그걸로도충분한데굳이감상평이란것이필요할까
,10,나만그런게아니구나
,6,서울이문젠겨니가문젠겨
,10,모든출연자의연기가딱적정하다최근몰입해서본영화중가장잔잔한감동이있는작품음향도녹음도조명도연출도더느끼고싶어또보고싶다
,10,이상희배우너무매력적이네요완전내스타일
,10,그냥아무생각없이멍하니좋았음
,9,삶이란게참논리적이지못하다이동휘배우이한위배우가나란히앉아서담배를태우는여름의국도극장가을처럼스며드는느낌이라좋았다
,8,슴슴한듯있을것같은스토리그래서좋았다청년과노년의그사이사회에속하거나속하지못한그사이꿈을찾거나방황하는그사이의위로마지막에영화간판속에그와그의뒷모습은매우닮아있었지
,10,이동휘형님연기도너무좋았고담배로도연기를하는이동휘연기도너무좋았어요모두들힘들지만자기책임은다하려는인물들의모습이뒤늦게감동으로다가왔어요전형님입장이너무공감되어눈물이났었어요연기모두좋습니다
,10,모든배우가우리의삶을보여줍니다인상적이네요마지막롱테이크
모든 것을 벗어던진 특별한 여행,,
,1,수입할영화가없으니깐이런개허접영화도개봉을하는구나용산CGV에서9천원주고예매보다가토나와서중간에나왔다개연성제로에스토리도개허접이거볼돈으로마스크사라이거10점주는애들은알바인증하는거니깐절대속지마라
,10,서호주의광활한그러나덥고건조함이느껴지는그곳에서상처입은두남녀가만나고헤어지는모습을통해상처를극복해가는모습만으로도웃음짓게만드는캐쥬얼한영화였습니다
,10,개인적으로여자친구와너무재미있게봤습니다사람사는이야기인생이야기도좋았고소소한재미도있었어요로맨틱한스토리도맘에들었구요ㅎㅎ
,10,호주풍경이아름다워서보면서잠시나마힐링했어요주인공들도귀엽고코믹해서웃음나네요가볍게보기좋아요
,10,소소하지만힐링되는너무유쾌한이야기네요이런게39소확행39인가싶어요풍경죽이네욬ㅋ39모든것을벗어던진39이란제목에이런중의적의미가있을줄이야ㅋㅋ코로나때문에여행못가는데완전대리만족하고왔어요
,8,나름괜찮았어요저한테는지루하지않고좋았어요
,10,감상평보고걱정했는데꽤재미있었습니다
,10,
,7,서호주의멋진풍광과대자연에서의좌충우돌여행기
,10,정말이영화보면서힐링받은적이처음인것같네요ㅎㅎ초등학생인제가봐도정말인상깊고로맨틱같네요제인생영화입니다꼭보세요바로여행조지고싶은마음이드네요
몽상가들,,
,9,처음볼때는에바그린의눈부신자태에홀려영화의심오한메세지를알아차리지못했다
,8,진지한얼굴을한모자란어른아이들
,9,야하다고생각하면야하게보이고예술적이라고생각하면예술적인영화더럽다고만판단하기에는영화에담은메세지가많다분명주인공들의관계는깨끗하지않으나그시대의예술과혼돈을보여줬다
,10,어렵다
,9,왠지상실의시대를읽고있는것같다이시대젊은이들에게바친다
,10,배우로서는모든걸보여줬어도잃은게없는작품
,10,꿈에서깨기싫다깨는순간냉담한현실뿐이니까
,10,영화보고감탄하고리뷰보고또감탄
,8,이런멋스러운철딱서니들
,8,에바그린나오면넋을놓고보게된다
밤의 문이 열린다,,
,7,외롭고쓸쓸한나를그대로내버려둔것에대한애달픈반성과거를걸어서라도되돌리고싶은순간들과희미하게비치는구원의가능성
,8,누구의목소리라도듣고싶어지는영화피를뒤집어쓴귀신이나오지않지만서늘하다나도유령은아닐까이외로운도시에서
,8,계속여운이남아있다
,8,뭔가현재의나를다시돌아보게해주는그런느낌의영화
,10,오늘봤어요잘봤어요오래생각날것같아요사는것이무엇인지죽음은또무엇인지내곁의사람들과순간의결정들이무엇을남기는지오래생각할게요
,9,서늘하면서도다정다감한위로과장없이담대하다간만에몰입해서본영화
,10,여운이오래가는영화에요특히마지막나래이션
,10,유은정감독님의첫독립장편이라고하는데내용도탄탄하고정말좋았고배우님들의연기도훌륭했어요오늘이개봉일인데벌써두번봤습니다오예
,10,영화잘봤습니다결말이해피엔딩인지새드엔딩인지는사실잘모르겠어요보고나서여러가지생각이들어서앞으로도좋은작품응원합니다
,9,부천에서랑이번에두번봤는데두번다마지막장면에서울컥했어요차가웠던방한구석에늦은오후햇살이비치는듯한느낌그때는몰랐기에돌이켜보면아련하고아쉽고그래서슬픈
성혜의 나라,,
,10,사회가주입한현실사회가주입한꿈보다차라리아무것도선택하지않는것이행복인현세대를적나라하게보여준다
,9,우리청년세대가병들지않고살아갈수있는날이올까나는무언가잘못되지않았나스스로에게의문이생기는요즘에공감이많이가는영화였다
,10,뚝심있는연출이좋았습니다
,10,젊은이들이어럽게살아가는현실과경제적어려움으로극단적인선택을할수밖에없는현실이너무마음이짠하다내주변에도어려운사람이없는지생각해보는계기도되었다나의젊은시절을돌아보게해주는좋은영화인데관객이없어아쉬웠고많은사람들이보았으면좋을것같다
,10,누가이세대들을이리아프게만들었나나에게도성혜였던시절이있기에이땅의모든성혜들에게이영화가따듯한위로가되어주었으면한다
,10,무미건조한삶의선택을강요당한회색빛청춘에대한헌시그래도저마다의자전거는각자의가진힘으로굴러간다포기만하지않으면
,9,현실을너무현실적으로보여준영화였어요참힘들게사는우리세대들이마지막처럼평안하게살았으면하는생각이들어요힘들겠지만요
,10,아무것도선택하지않는것을선택한다비극적인장치로얻은씨드머니였지만그렇게라도생긴씨드머니가부러운건저뿐만이었을까요이런제가나쁜걸까요
,10,인상깊고감명있는영화입니다
,8,성혜의나라에함께살고있는지금입니다
소리꾼,,
,10,재밌으면추천재미없으면비추천눌러주세요좀있다가어머니랑영화볼려고해요어머니께서엄청좋아하셨습니다부모님이랑함께보기좋은영화인거같습니다
,10,아내가판소리를보고눈물을흘릴줄이야
,10,시사회보고나서개봉하고한번더봐야겠다는생각이들정도로재밌었어요초반에는살짝지루한감이없지않아있는데중반부부터는시간가는줄모르고봤네요배우님들이연기도너무잘하고소리도진짜너무좋아요더운여름철에소리꾼으로귀정화하는느낌입니다ㅠㅠ그리고가장좋게봤던건영상미였는데카메라구도나영상색감이너무예뻤어요리틀포레스트의초가을버전같은느낌의색감이라서좋았고풍경과색감구도가한데어우러져서보는내내즐거웠습니다꼭보시기를추천드릴게요
,9,오랜만에눈호강귀호강했내요
,9,판소리듣고울다니색다른경험이었습니다
,10,살아있다결백보다재밌으면따봉
,10,영화내용도좋고이봉근님소리에반하고몰락양반김동완님연기도영화에잘스며든거같고감동도있고흥했으면좋겠어요
,10,평소영화를안좋아해서처음에걱정많았는데지루한부분없이처음부터끝까지재밌게보고온것같습니다감동과재미를둘다잡은영화인것같아요
,10,대사에어색한부분이있지만모든것이용서되는청이의연기력그리고두개의이야기가동시에진행되는것이감동을더함만들어가는이야기의매력이철철
,10,코로나블루시대에이렇게힐링하고가네요심심한것같아도자극적이지않은담백함으로감동까지얻어갈수있어가족과함께다시보러가야겠어요
쉘부르의 우산,,
,10,영화보고와이프가꽂혀서계속노래로대화하네요10점
,10,아련하고감미로운영화그렇지만이야기는지극히현실적이다
,10,헐리웃영화에서느낄수없는색채와감성
,10,라라랜드가오마쥬한작품그래서더욱슬프다비슷한엔딩둘다너무현실적이라응어리진다
,9,옛날영화들이더낭만적이다
,10,잊을수없는그영화추억그리고이쁜영화
,10,슬픈러브스토리영화의종결자이미게임은50년전에끝났다
,10,아름다운음악과스토리
,10,초콜릿같은영화처음은달고끝은쓰디쓰다추천
,10,아직도영화마지막장면이아른거리네요ㅎㅎ주유소에서만남그리고다시이별
아이 캔 온리 이매진,,
,10,아무도없는영화관에서혼자영화를본후끝났는데도10분동안자리를뜰수없었다
,10,이한마디면됩니다주님이하셨습니다
,10,무교이지만나의인생영화이고그냥어제밤에부모님과내꿈에대해마찰이있었고오늘아침이영화를봤는데그냥아무말없이울었습니다
,10,인생영화였고감동그자체였다그냥예술임
,10,크리스천이아닌사람에겐음악영화로크리스천들이겐회복될영화로추천하고싶다인생과음악그리고주님의이야기
,10,영화꼭보내세요ㅡㅜ대박감동입니당네이버에서예매를못해서작게하구나했는데CGV단독너무슬퍼감동ㅡㅜ
,9,제목보자마자머시미생각나서멜로디를흥얼거렸는데진짜이노래를바탕으로한영화가나오다니하며오늘바로엄마랑봤습니다음악의힘그리고하나님의힘이얼마나대단한지느끼는그런영화였습니다
,10,올해최고의은혜
,10,주위사람들에게추천해주고싶은영화네요ost진짜최고ㅠㅠ소향버젼다시찾아듣고있어요
,10,용서에대한마음을일깨워주는감동의드라마였습니다배경음악과배우들의연기그리고스토리모든것이하모니가잘된작품이네요종교영화를떠나서훌륭한작품입니다
프랑스여자,,
,10,어디에서나이방인일수밖에없는한여자에대한이야기
,6,김지영참좋은배우다라고느낀다
,1,프랑스여자보다더파리지앵같은사고방식을갖은한국에사는인물들파리에서10년을넘게살았고위대한연극배우가되겠다고유학을떠났던프랑스여자는삶자체에자유와예술을향한어떤흔적도없고남편에게너때문에인생망했어너때문에모든걸포기했는데사랑이어떻게변하니이렇게예술과자유파리지앵을꿈꾸며떠났다고는생각할수없는태도로일관된프랑스여자한국에대한회상이나무의식적세계에서도못이룬후배와의사랑이나과거에대한죄의식으로가득찬답답한모습이것이감독의연출이었다면어쩔수없지만과연프랑스여자를통해서무엇을말하고싶었던것인지참여기서프랑스여자는담배피는여자를말하는것일까하는헛웃음도나온다프랑스라는자유와파리라고하는예술의세계를동경해서10년을살았는데오히려한국에사는사람들보다더타인에게의존하고과거에함볼된인물이라고공감이안되고동의하기어려운썰이라고생각한다
,10,한국영화중간만에인상깊게본작품영화속의이미지가계속해서떠오른다
,8,한국과프랑스어디에도소속되지않은불안한이방인의심리가잘살아난다공통의기억은나누지않고묵혀둔다면왜곡되고망가지는것같다기억의관계가가진소중함을생각한다
,1,그래서영화가말하는게뭔데
,1,솔직히너무별로였음예술영화나감각적영화즐겨보는편인데가장별로였던점은스토리랑감정에개연성이너무없음캐릭터들이갑자기화내고갑자기분노하고젤중요한감정들이다뜬금포임이건기본아닌가싶은지점들이너무어설픔글고2020년현재술자리에서남사친이여사친한테장난으로뽀뽀하는장면이영화인연극인들이라는이유로웃어넘겨지는장면이나오는게너무황당하고어이없고불쾌했음더군다나이렇게미묘한감각을다루는영화에서난30대여성이지만정말흠할말하않
,4,서울대입구롯시6월6일생애최초로극장옮겨영화2편봤는데그중첫번째영화였다영화제가좋아할만한느낌의영화다특별한주제의식도없이어떻게느낄지는관객마음이라는컨셉의영화같다전체적으로공허하고우울한느낌이들었다극중인간관계서도인스턴트느낌이많이났다푸석거리는느낌이랄까배우들은열심히39연기39하려는거같았고OST는없었다꽤지루했다
,10,지나온날들이나를괴롭힐때위안이되어줄영화한편의소설같기도연극같기도한영화겹겹이쌓인스토리구조가매력적이다
,1,프랑스여자건한국여자건자신에함몰돼사는흥미없는여자
16세의 사운드트랙,,
,6,공감성수치를불러일으키는16세의기억들
,9,독일식영어에때묻지않은이팔청춘에조으네
,9,저격당했다내취향도내과거도난왜이렇게이영화가사랑스럽지ㅠ하나부터열까지다내얘기같아서공감되는이야기들특별하고싶었지만튀고싶지않았던사람들이라면메이지와벤의심정을이해하게될거다
기억의 전쟁,,
,9,놓치기에는선명한아픔입니다많은한국사람이보았으면좋겠어요
,10,좋은다큐였습니다생각이많아졌어요
,9,내용적으로베트남전쟁당시의학살피해생존자들의이야기를담고그이후한국베트남의사람들의기억을바라볼수있었다그리고도대체누가피해자인가에대한생각을할수있었던것같다
,7,국적을넘는연대의기록맹목적애국의울타리를넘으면보이는곳에는사람이있다다큐로서의연출은조금아쉬운편
,8,일본군39위안부39의피해자할머님들과베트남전쟁의피해자분들이한자리에모여전쟁의아픔과피해에대해이야기할때기분이묘했습니다우리나라는전쟁의피해를받기도했지만피해를주기도했었다는역사를잊지않겠습니다
,10,우리나라는피해자라고만생각했다가영화를보며우리나라가가해자였던나라의입장을보니머릿속에많은감정이겹치는영화너무잘봤습니다
,10,외화획득혹은돈을번전쟁으로만우리에게인식되든베트남전쟁그이면에는무엇이있을까바로한국군의민간인학살이있었다당시한국군자행한민간인학살을겪었던피해자는그상처를기억하지만참전했던용사들은역사적사실을부정하고자한다누구의의견이맞는걸까이작품을만든이길보라감독은양측의입장을보여주며영화를이끌어나간다확실한건당시한국군에의해피해를본민간인들이지금도두눈뜨고멀쩡히살아있다는사실이다민간인학살피해자들이외치는목소리를단순히증거부족으로외칠수있을까영화를보며이질문에대해여러번생각하게된다왜민간인피해자들이아직도눈물을흘리는지를알고싶으면꼭보아야할영화가아닐까생각해보게된다
,6,아프지않고억울하지않은전쟁이어디있을까단지군인이아닌민간인학살같은경우는가해국과피해국모두진심어린해결방법을찾는모습이좋을것이다그런데베트남은캄보디아라오스나미얀마등에행한학살및진행중인인권침해및차별에대한책임은지고있는지반문해봐야하지않을까
,10,농인인아저씨가자기만의수화로그곳에서일어난참상을설명했을때나는그걸다알아들을수있었다
,10,희생자의기억과참전자의기억간의전쟁희생자의기억속에서는아직도사그라들지않는전쟁러닝타임이짧고고증보다는정서에집중하였기때문에아주훌륭한다큐멘터리를기대하기는힘들지만중요한메세지를상기하고있다는점에서잘보았습니다
내일을 위한 시간,,
,10,호평일색인내일을위한시간영화좀보자상영관좀줘쓰레기기업씨제이롯데처망해야하는데ㄴㅁ
,9,치토스에길들여진우리에게아이비를맛보여주다
,8,알량한힐링이아니라추운현실에서도존엄찾기
,9,현실의불행이삶의행복을만들수도있다는것그러나이삶의역설은거저주어지는게아니라우리가잘싸울때얻을수있는것
,7,다른점들은다른분들이다써주셨으니저는이말을꼭해야겠습니다남편이진짜벤츠남입니다대박멋짐
,9,산드라는자신에게던져진가혹한현실앞에내일myjob을위한시간이간절했다그시간은결국그녀의내일tomorrow을위한시간이기도했으니까꼬띠아르연기는산드라그자체
,10,lt카트gt가좋은영화가아니라잘못된영화임을알게해줬다노동자는약자가아니다우리자신이다노동자를약자로규정하는순간상위와하위계급으로나뉜다다르덴은우리모두는동등한존재인데차별받을수도있음을알라고말한다
,10,여보우리잘싸웠지나행복해대사한줄에요약된영화의주제감독의메시지그리고내일도이어질우리의삶
,9,여기나거기나같다는사실과명배우가이런영화에출연하다니놀랍다그래잘싸웠소힘들지만포기하지않고잘싸웠으니결과에도불구하고후련하다
,10,그러니까인생에서제일중요한것은용기용기그리고용기
대전 블루스,,
,9,어찌보면흔한주제지만그만큼많은사람들이공감할이야기죽음을앞둔상황에서나라면어떤행동을했을지생각해보게한다
,10,누구나죽음을맞이해야하는데생각하게하고준비해야되겠다는생각이
,10,자연의순환속에서죽음이란그저일상의한현상일뿐가벼이준비하는죽음의의미로현재살고있는삶의무거움을다소나마덜어낼수있는시간
,8,죽음과삶을다시금생각해보게하는잔잔한감동과반전이돋보이는영화영화가끝나고난뒤의여운이길게남는좋은작품
,10,삶에대해생각해볼수있는힐링영화였습니다
,10,코로나사태로죽음에대해더다가오는주제네요앞으로인생을생각해보게되는사려깊은감동영화입니다
,2,노잼잠이오는연기력비추
,10,남녀노소누구도피해갈수없는죽음을진지하게바라보게만드는영화다죽음이라는무거운소재를때로는유쾌하게때로는진중하게풀어나감으로써젊은층도영화에몰입하게만든다언젠가겪게될죽음을대비하며살면서한번쯤은꼭봐야할영화라생각된다
,10,영화후반부대반전이이마를치게만들었다죽음이라는무거운주제를개성적이고독특한캐릭터들을이용해때로는진지하게때로는유머있게그려낸점이인상깊었다다시보고싶은영화로손에꼽고싶다
,10,피해갈수없는죽음을바라보며오히려현재의삶을충실하고의미있게살아가라고얘기하네요흔한카르페디엠일수있지만마지막반전은영화의재미
말 없는 사나이,,
,10,말없는사나이는서부영화제목같고아일랜드의연풍은매우진지한로맨스영화의제목같다
,10,39아일랜드기질39이뭔지를확실히보여주는코미디아일랜드에대한감독의애정이뚝둑묻어나는듯원래한국에는39아일랜드연풍39이란제목으로주말의명화로소개됨원제는좀의아하군quietman이라니
,10,대박여자아이정말잘낳게생겼음
,10,20세기내가가장사랑하는두영화중의하나
,10,왜재밌는지모르게재밌다특히나자전거데이트씬은근래보았던어떤최신멜로보다도감동이었슴
,7,나는희극이별로에요
,1,내가본것중최악시간아깝다
미스비헤이비어,,
,10,세상에남자들만공감할수있는영화는한트럭인데여자들만공감할수있는영화한편이그렇게보기싫으신가요그렇다면당신은새로운시대의도태자입니다축하드려요
,10,처음부터끝까지맞는말밖에없는데뭐가그렇게불편한건지모르겠네요한번도여성의입장에서생각해본적이없으니공감을못하시는거겠죠공감하려고하지도않고요페미니즘영화니까보기도전에무턱대고욕하거나평점테러같은무식한행동하지말고먼저다른시각으로바라볼줄아는능력을키우길바랍니다
,10,50년전인데도세상은그대로라는게너무나도안타까웠다바뀌는것처럼느껴지지만아직존재하는저성적상품화
,10,이쁘지도추하지도않고화가났을뿐인모든여자들을위한영화
,10,1970년과2020년우리는똑같은투쟁을계속하고있다
,10,엔딩에서그들과눈맞추는순간을결코잊지못할것같아요이영화를진짜관람하고댓글다는사람들은lt미스비헤이비어gt가결코남녀간의대립이나여성과여성간의싸움을조장하는이야기가아니란걸공감할것입니다정말기본적이고핵심적인내용을유쾌하고부담없는톤으로전달하고있어요섣불리판단하지마시고극장에서꼭보세요
,10,우린예쁘지도않고추하지도않고화가났을뿐이다WerenotbeautifulWerenotuglyWereangry
,10,세상을바꾸는연대의힘
,10,기대했던것보다훨씬깔끔하고훌륭한연출그리고믿고보는배우들의미친연기력안볼이유하나없는영화
,10,신파없는감동불편없는웃음좋은영화의조건은모두갖춘듯
바다로 가자,,
,10,코로나19시대는쨉도안되는우리민족강제거리두기자가격리시대우리시대야만시대분단시대
,10,냉정한시대와비대한현실이밀어낸비정상적인단절의고통을한올한올소중히건져올린다인식의불편함을가져야만역사의전수도지나쳐버린아픔을치유할수있는최소한의기회도얻게되지않을까실향민2세대로많은공감과인사이트가있었습니다소중한기록남겨주셔서감사합니다
,10,실향민3세기도하고평소에도이런문제에관심있던사람이라좋았어요실향민3세인손자가할아버지를생각하면하는감상도제생각과동일했구요아직돌아가시지는않았는데물어보고싶은게많았는데막상물어봐도대답해주는것자체가할아버지께서는상당히힘든일일것같거든요그일들을겪으면서기억을떠올리는게어려운일이니까
,8,실향민2세대의눈으로1세대아버지의이야기를담았다통일을향한어떤당위가아닌세대를이어기억의끈을이어가려는노력이호소력을갖는다경계를허물고바다로가자
,10,이영화제목이바다로가자니까바다구경하고싶고영화재미있어요
불량한 가족,,
,10,박초롱갠적으로좋아하는연옌인데첫영화라고해서봣는데생각보다잼나서놀랫음ㅎㅎ
,10,진정한가족의의미를느낄수있었어요보면서감동과재미가있었고편안하게즐길수있는영화였어요
,10,이게현실성이있는영화였고더불어서현실가족이지않나라고생각을해봤고박초롱첫영화였는데연기가하늘땅별땅때보다더연기가늘은거같아요재밌게잘봤습니다
,10,웃겼다가울렸다가난리나는작품ㅋㅋ영상미너무따뜻해서힐링했다
,10,행복하고사랑스러운재미
,10,역시예고편보고아재미겠다하고본영환데에이핑크박초롱님의연기력너무좋았고ㅠㅠ감동적인영화에요그리고생각보다너무재밌고만족스러웠던영화였습니당다들보러가세요후회는안하실듯
,10,공짜영화표있어서봤는데가볍게보기좋았으여
,10,진짜오스트가영화랑잘맞고또연기는아직경력이많이부족한배우치고는괜찮은편이다솔직히보면서울었는데보고나서여운이남는영화임
,10,가볍게재미잇게봣어용
,10,이야기전개가잘짜여져있다거나세련된구성의느낌은없지만불량청소년이라고하긴그렇고청소년들사이에있을법한이야기를가족적으로잘담은것같고무엇보다박초롱의연기를볼수있어서좋았다
산티아고의 흰 지팡이,,
,10,산티아고순례길의멋진풍경을보는것만으로도가슴이뻥뚫립니다
,8,그녀는보이지않았지만오히려보이는나에게보이지않는것을알려주웠다
,7,순례길오랜만에볼수있어좋았어요
,10,지나온인생을돌아보게하는영화산티아고순례길을걸어보려는계획을세우게합니다
,6,무엇보다영상미가아름다웠습니다
,10,굉장히많은것을생각할수있는영화였습니다
,10,잔잔하고좋네요산티아고정말가보고싶어요
,10,산티아고순례길의아름다운풍경과함께인생을이야기해주는힐링영화입니다
,6,한번쯤가보고싶은여정
,10,너무보고싶습니다구입해서보고싶은데네이버다음등어느한곳아직등록이안되어있네요언제쯤구입할수있을까요
소셜노마드,,
,10,빠아끄보는내내집중해서보게되는몰입감좋네요
,10,학생인저의가슴한켠을뜨겁게울리는듯했습니다모두들한번씩꼭보시기바랍니다
,10,너무재밌어요꼭보세요
,10,젊은청년들의꿈을그리는영화네요두근거림이좋습니다
,10,다큐멘터리가아닌진짜이야기여서좋았습니다나에게일어날수있는이야기라서감동이있고재미가있어서공감100뒷이야기들도궁금하네요
,1,평점조절용평점
수색자,,
,10,별점2개반점준초딩은누구냐이영화는인종주의를옹호하는정통서부극이아니라인디언을비판어린시각으로보는백인을비판적인시각으로보는수정주의서부극이다알지도모르면서이영화를함부로평가하지마라초딩들아
,10,관람자를압도하는영상짧은시간에도선명한로맨스와유머부족함이없는완전한인물들그리고거대한풍광을담아내는촬영은기원에가깝다반세기를넘는현대성과영상만큼압도적인존웨인의눈빛마저모두역사적이다
,10,복잡한이론다집어치고일단재밌자나
,10,가장휼룡한서부극이자모든것이담겨있는영화
,7,볼만하다존웨인의남성미를느낄수있다
,10,평점조절이필요함7점대영화는아니라고생각한다
,10,이영화는인디언과백인의대결이나정복자피정복자뭐그런사상이나이념그런거떠나서그냥하나의서부극영화로봐야함미남부배경이멋있고마지막영화끝나기전에존웨인이홀로등을돌린채홀로터벅터벅걸어가는뒷모습이아주애절했던기억미서부극의수작임
,9,보수주의자가새로운질서첨보는세계에직면할때의반응은미국의서부를넘어전인류가질문해볼주제
,10,
,10,와57년도에한국서개봉했다면나도태어나기한참전이네ㅎ존웨인할아버지나온영화아니명작이겠지지금tvTheMove방송에서해주고있네
스쿠프,,
,7,휴잭맨은악역을해도선역같이멋있네ㅋ
,8,어느순간드라마장르가바뀌는데이질감이없다
,10,정말잘만든영화역시우디
,7,장르를감독의뛰어난재치로바꿔버리네요볼만해욬ㅋㅋ
,7,우디알렌스타일의유쾌함이느껴지는영화
,10,보기에유쾌한영화였다특히우디앨런감독이제일재밌었다
,6,부담없이가볍게즐기는로맨틱코미디와약간의범죄수사
,8,스칼렛의약간푼수같은스타일연기ㅋ베플감상평이나랑같은생각부담없이가볍게즐기는로맨틱코미디와약간의범죄수사
,6,죽어서도수다떠는우디알렌ㅋㅋㅋ
,8,이영화매력있네근데포스터가저게뭐야
시라이,,
,3,에라이
,1,진짜로엄청재미없어요돈아까움금방무료로올라올듯
,2,공포영화를보고싶었는데개같은촌구석영화관에딱하나있던공포영화가이개같은영화였다는게참을수없이화가났다그와중에엔딩크레딧ost는내취향이라이노래를듣기위해1시간짜리광고를본기분이었다
,1,나만재미없었나보는사람도적고방영하는곳도적고보다가지루해서거의자면서봄ㅠ감독소설은좋아하는데영화는아닌듯
,1,안보는게낫다라는분무섭지않으세요영화의내용은안보면죽는다입니다난봐서살았는데내소중한시간이죽었습니다ㅠㅠ
,2,이것도공포영화라고참나전설의고향보다못하다
,1,그냥정말전형적인일본느낌의공포영화귀신은정말웃겼다박나래씨가맘먹고분장하면더무서울듯하다퀄리티도높을듯주인공의문의1패의정말얼탱이없는최악의결말시라이는꼭피하시고차라리살아있다를보겠소
,1,유튜브에서토요미스테리극장아무거나두번보는게더낫습니다이영화는쓰레기예요주인공들이링처럼살고싶은의지가전혀없음남주는아귀찮아대충죽고끝내자이런느낌이고여주는있으나마나임
,1,진짜개노잼Btv로11000원주고봤더만무서운장면은10분도안나오고무서운장면의CG도어이없어서웃겼음ㅋㅋ스포같아서말은안하겠지만진짜충격적으로어이없는부분많으니1000원되면보던가보지말던가하세요
,1,cg장난치냐
쓰루 더 파이어,,
,10,소방관으로서사람생명을목숨걸고구해내는사명감이너무자랑스럽고듬직하네요열심히살아가는모습이보여졌어요영화추천
,6,소방관정말대단하신블들입니다
,10,매우감동적으로보았다눈물쮤금나고매우감동적
,10,다시일어서기위해큰용기로버틴벅찬준비과정
"아무튼, 아담",,
,10,박평식아그게평론가라는타이틀을달고할말이냐에휴
,8,재밌었음박평ㅅ평론가님꼭ㅂㅅ되셧음소원합ㄴㄷ
,10,박평식인지박ㅂㅅ인지는잘모르겠는데어쨋든발기ㅋㅋㅋ그러고도니가평론가를떠나사람이냐ㅋㅋㅋ
,10,실화바탕감동실화아무튼아담너무감동적으로봤습니다ㅜㅜ세번울컥눈물힐링받고싶으신분꼭보세요박평식평론가글은저도봤습니다좀심한듯
,8,예상대로감동적인실화바탕의영화입니다그나저나영화평론가란사람이어떻게이영화를보고이딴평을남길수있는지
,10,울고웃고반복한영화기대만큼정말좋은영화였다특정장애를가진사람들만의이야기가아닌우리의인생이야기인것같다누구나각자어려움을겪고있고그것을위해노력하여극복해나아간다특히아담의인생에서는아무에게나주어지지않는사랑이더욱돋보인다가족친구간병인진심가득한사랑말이다
,8,희생자가아닌생존자로내스스로가선택한삶을살수있도록
,10,힘든일이있거나할때보면위로가될것같아요특히코로나로힘든요즘많은분들이이영화를보고힘내셨으면좋겠습니다
,10,박평식이가저래되면평점다시하려나
,10,요새많이힘들었는데영화보고힐링했어요이런이야기는언제나마음이따뜻해지는것같습니다그리고남자주인공연기가너무좋았다는점
애프터 웨딩 인 뉴욕,,
,8,영화는괜찮았는데관람평을스포부터하는평론가가있네요
,10,미셸윌리엄스연기가너무나좋았던ㅠㅠ감동
,9,아무리원작이훌륭하고리메이크작이못마땅해도평론가평이39긁어부스럼을만든감독39이라니감독뿐만아니라이영화를의미있게본관객들까지무시하는평이라보입니다그평론가에게말해주고싶습니다39당신은긁어부스럼을만든평론가입니다39
,10,우리가삶을스치는걸까삶이우리를스치는걸까요즘많이들던생각들과겹쳐서공감됐다
,9,평점이혹평과호평으로양극단이라서큰기대없이보았는데저는근래본영화중에서가장좋네요잔잔하면서도생각할여지를남겨줍니다
,10,크로스젠더로더와닿았고여운이긴영화
,8,여운이오래갈듯농담아님
,10,생각이상의ㄱ재미가있던영화입니다
,8,마치스릴러를보는듯한미스테리한진행으로인물간의미묘한감정선을타고새로운사건이일어나면서퍼즐이하나씩맞춰진다연기는물론이고아름답고깔끔한영상과잘어울리는배경음악도좋았고마지막줄리안무어의절규엔나도울컥했다
,10,배우들의연기가인상깊었다
어메이징 그레이스,,
,8,흑인가스펠의진수첫곡wholyholy시작하는데눈물이줄줄나옴비유나과장아니고내가진짜미쳤나싶었음예수쟁이아님90분충만한공연이었음내가교회사람이었으면여기저기홍보했을듯
,8,영화는예전가스펠음악을교회에서녹화한거라생각보다화질은안좋으나음악도좋고그당시의매력을느낄수있는시간이었습니다그런데서울극장11월마지막토요일오후이은혜롭고잔잔한음악에집중해야하는영화에중간쯤앉아서늦게들어와서남들신경안쓰고봉지부시럭거리고계속수다떨었던분들때문에집중안되서기분이안좋네요제발본인들만있는것도아니고개념챙기고배려심챙기시고부끄러운지아세요대체이런영화보면서그런행동을할수있는지전혀이해가안됩니다
,10,어메이징그레이스나같은죄인살리신가장위대한명곡
,9,소울이느껴지는가스펠의진수를보았다스토리없이음악으로만만들수있는이유이기도하다짱
,10,너무은혜받은시간이었습니다찬양을묵상하며하나님께열광돌리는교인들의모습이너무아름다웠습니다
,9,가스펠의진수를느끼고왔습니다음악적으로나종교적으로만족스러운시간이었습니다
,10,어릴때들었으면전도당했겠네
,10,와이거진짜뭐지지짜최고가스펠좋아하는사람이면눈물안날수가없음
,9,
,10,광주극장에서봤는데신의재능을보았슺니다홀리홀리
용쟁호투,,
,10,이소룡의대작이죠정무문과함께최고의영화로개봉된지40년이되었지만여전히최고의영화로남아있죠
,10,40연전액션이라는게믿어지지않을정도로경이롭다이소룡의카리스마를능가할홍콩액션스타가지금까지도없다는게아쉽지만이소룡은역시전설이다
,10,거울배틀은지금봐도예술뭔가스타일적으로시대를앞서나간영화랄까
,10,40년전영화맞나
,10,파이터영화의바이블이지싶다이영화너무많이봐서꿈에싱하횽이랑같이싸움ㅇㅇ와아양
,10,이명작을본다는것그자체가영광이다뭘더말하겠습니까
,10,평점이너무낮자나요즘cg와이어액션이랑비교도안되고이소룡의그타겨감은누구도따라올수없을만큼전율이온다이소룡보다빠르고화려한액션을할수는있겠지만이처럼선이아름답고w박력있는액션은앞으로도나오지않을것ㅜㅜ
,8,이소룡이선구자라고불리는이유를알게되는영화
,10,롱테이크로격투씬을이토록정직하게보여줄수있는배우전무후무하다
,9,단순한액션영화를넘어선이소룡영화
울지마 톤즈 2 : 슈크란 바바,,
,10,정말감동적인영화입니다신부님의삶을보며저의삶도되돌아보는계기가되었습니다
,10,이태석신부님의삶을보았습니다온몸으로사랑을실천하신불꽃같은그분의삶을영화를보면서잊고있던행복한시간뿐만아니라삶의의미또한찾아봤으면좋겠습니다참좋은영화입니다
,10,위대한인간그자체입니다
,10,스타워즈보려다부모님께서보자고하셔서봤는데정말감동적이에요제가얼마나행복한삶을살고있고행복의의미에대해다시생각해보게됐네요많은생각을하게만드는영화
,10,평범한사람이지만동시에너무대단한분이다종교적인메시지는없으니평소관심이있었거나책을접한사람은꼭한번보았으면좋겠다
,10,우리나라에서난최하위에서10겠지만전세계로보면최상위10일지도모르겠다는생각이들었어요이시대를살아가는사람이라면꼭봐야할영화입니다
,10,빛과소금이되신분대단하시고감동입니다ㅠㅠ
,10,진정으로아름다운분풍요로움속에서도여전히물질적인것을추구하고경쟁하며살았던자신을되돌아보게됐습니다
,10,아이런분이계시구나
,10,39한알의밀알이땅에떨어져39성서구절이보는내내떠올랐습니다두려움없는사랑을실천하다가신신부님존경합니다뵌적없지만그립구요지금톤즈는어떻게지내는지도나왔더라면더좋았겠다하는아쉬움이있습니다
울프 콜,,
,9,깊은물속에서오직소리에의지해발빠른대처를해야하는긴장감을최대한유지하면서복잡한원칙이서로부딪힐때발생하는딜레마를완벽하게살렸다헐리우드식연출이라면영웅서사특유의감동에방점을찍을부분에서프랑스영화답게냉혹한현실의멜랑꼴리함이더욱강조된다
,9,긴장감어마어마함연애장면은불필요
,10,잠수함에서음파탐지분야가얼마나중요한지알수있는스펙타클한좋은영화였습니다디테일에감탄하였습니다1917보다감동적이었습니다
,10,저돈안받았고요알바도아닙니다이런거처음적어보는데정말재밌었고곧예매순위1등찍을거에요강추드립니다
,10,잠수함영화라는것만알고봤는데생각보다훨씬긴장감도넘치고좋았다ㅠㅠ주인공이소리들을때같이숨참으면서나도집중하게됨
,9,머리채잡고잠수함안으로끌어들입니다몰입도랑사운드미쳤고너무재밌게봤어요하지만주제자체가무거워서가벼운오락영화는아니에요
,10,괜찮은전쟁영화신선하고재미있다
,10,평점왜이럼좆노잼조선영화보다2000배낫다간만에즐겁게본영화중하나재밌어요
,10,실제핵잠수함이라니촬영섭외어려웠을듯작품성있는전쟁영화는오랜만사운드때문에라도극장에서보삼지금사람없어서갸꿀
,10,요세영화솔직히볼거없잖아요ㅜ이거보셈재밋음1917이랑이거보셈나머지영화는그닥
윤희에게,,
,10,추신나도네꿈을꿔마지막장면에서윤희의목소리가내눈시울을붉혔다그리고새봄아너무고마워
,10,은은하고그윽한영화였습니다희애소혜의모녀케미도정말모녀지간같음심지어닮았음유빈소혜의꽁냥케미도다보기좋았고영화내내내리는눈에따스함마저느껴지는색감이무척인상적이었습니다영화끝나고나오니마침만월이더군요여운이오래남을것같습니다좋은영화에감사드립니다
,10,이런영화가더많이생기길바란다
,10,후반부유재명아저씨랑나올때눈물터짐ㅠㅠ행복해야해윤희야
,10,우리들의잘못이아닌것에대한이야기
,10,잔잔하고감동이있습니다설경의잔상이오래가네요군더더기없는영화
,10,난이영화가왜이렇게좋을까접근하기쉽지않은소재를이렇게반짝반짝하게빚어낼수있다니감독의재능이놀랍다단연최고의연말무비이자2019년올해의영화
,10,이미완전히끝나버린사랑도있고이제시작하는풋풋한사랑도있고서로를그리워하는사랑도있습니다여러가지사랑이서로교차하면서도그느낌을분명하게보여줍니다퀴어영화로보셔도만족하실테고서로를그리워하는친구의영화로보셔도만족하실겁니다영화에대해공감할준비가되어있고누군가를그리워한적이있다면추천합니다
,10,아내와딸과함께가서봤습니다매번시끄러운영화만보다가생각할거리를안겨주면서도연말의우울을위로받을수있는영화임에여운이오래였습니다아내가갱년기라겨울이면우울증이심하게오는데마치영화속윤희와새봄처럼딸이준선물같은영화에오늘하루정도는우울을벗어낸것같습니다사랑하는이들과함께가서보면정말좋을영화입니다이런좋은영화를준감독배우들께감사드립니다
,10,부치지못했던편지들이떠오르는영화에요
이유없는 반항,,
,10,제임스딘매력적이다그옛날영화라고믿기지않을정도로작품성도뛰어나다
,10,시대를초월하는그의눈빛
,7,이해하려고하지마이유가없으니까
,9,전설의영화제임스딘정말간지난다화려한고전위대한역작
,10,제임스딘살아있었으면하네
,7,뭔가알맹이가빠진거같다
,10,제임스딘왜유명한지이걸보고알았다간지쩌내50년전이아니라10년전같아
,10,성장하는과정그과도기의아픔
,6,멋진제임스딘의눈빛
,10,제임스딘의명작영화제임스딘의반항연기는완벽햇다그멋잇고잘생긴얼굴은정말환상적이엿다
죽도 서핑 다이어리,,
,1,뭐가이리어설프고전달하려는내용이뭔지오늘만사는파도위서퍼들처럼그냥서핑이좋아서시나리도도없이만든영화같음웬만한독립영화보다내용이없음완성도를위해껴넣은출연배우들때문에더민망함
,1,TV드라마스페셜보다못한영화감독은도대체뭘말하고싶은걸까총체적난국
,1,낭비다돈낭비인력낭비
,6,배경도반갑고나오시는분들도실제양양서핑샵강사분들이나와서반가운영화였네요다만너무b급영화느낌잌ㅋㅋㅋ
,4,서퍼들을위한안식처
,7,왜비키니입은서퍼는없는걸까요
,2,하진짜재미없네내시간
,5,죽도홍보영상영화도드라마도아니고그렇다고다큐멘터리도아닌
,5,큰내용없고그냥시원한바다와서핑타고싶게만드는게다인듯
,3,중간중간인터뷰식의대화장면이영화라고보기힘들정도로대본없이그냥막찍은듯합니다아마자연스러움을위해그랬겠죠술집씬등에선배우들의목소리가전달되지않을정도로오디오퀄리티가낮았습니다서핑을좋아하는서퍼들도갸우뚱거리게만드는영화였어요국내서핑영화라면차라리유튭에무료공개된윈터서프2를보시는게훨씬더낫습니다
창은,,
,10,김우순사랑해요ㅠㅠㅠ
,8,자신의위치나처지에따라이영화가주는의미는다양하게다가올것같다열심히살아보려는창은에게가족들은걸림돌이었을까돌이켜보면가족이란울타리에서당연한대가를바라며살고있진않은지혹은그랬는지돌아보게되는영화감명깊게봤습니다
,10,살아생전이런영화처음봅니다사는게재미없고팍팍하신분강추합니다주의배꼽을분실하실수있습니다
,10,지금사회를살아가는청춘들이한번쯤느껴봤을법한감정들을많이느낄수있었어요덕분에영화보며뭉클했던순간들이많았네요영화에나온배우들특히주인공역할맡은배우가참인상깊어서다른작품도기대되게만들어주더라고요남들에게말하지못했던나의어린시절을되돌아보고싶으신분들에게강추하는영화입니다
,8,스토리와연출에서어설픔이느껴지지만그안에담긴진심이느껴지는영화였습니다앞으로도좋은작품만드셨으면좋겠네요
,10,우순피디님잘생겼어용ㅎ
,4,창은아나보다형같아보이는데니가무슨막내야형38살이다
,9,시놉시스를보고막내아들로서공감대를이르키게하여봤는데생활연기가굉장히호감이었다
,10,이것은연기인가실제인가모를정도감독의의도를알듯모를듯무섭게파고드는현실감개쩌는코메디제정신이반드시아닌사람들이만든거다이건그저미쳤다는말밖에안나온다고봉수를제낀다확실히
테우리,,
,7,줄거리를잘이끌고가다가이상한반전으로느껴지는건개연성이부족해서일거다괜찮은전개와인물구성인데아쉽다
,6,양춘배양춘배테우리가되고싶었던남자
,2,진짜이런걸왜만들까ㅡㅡ이해가안가네
,2,재미없다
,4,작은접시에너무나많은것을담으려했네요웃음도감동도반전도그다지
,6,기대않고봤는데배우들의연기가자연스럽습니다짱구의연기가제일어색합니다
,3,그냥보기가힘들었다
,10,마지막에주인공이죽음을선택했다면보다원만하게상황이정리되었을것이다그냥살아남기로결정했기에남은날들은이제전보다더죽음과같을것이다이영화의내용특히그흐름과결말에동의하지않으면서도내가10점을남기는이유는인간으로서나역시그상황이라면결국엔살아남는것을택하지않을까하는마음때문이다
,5,여전히지속되는감추려는자들과밝히려는자들과의대결
,2,잘못됀진실이프로부족이아닌이프로가남았네요
프리저베이션 홀 재즈밴드,,
,7,브에나비스타쇼셜클러외전
,10,모든음악은하나의길로통한다
,1,개노잼영화에쓴내돈이아까움
하트,,
,10,재수없어서제섭이에요정가서정가영인가ㅋㅋㅋ
,10,오늘의정가영이어제의정가영에게그리고내일의정가영으로
,10,정가영당신만을사랑해스토리가너무매력있다분명히호불호는갈릴것이지만분명히매우좋아할사람들도있을영화
,10,보면볼수록정이가는울정가영감독님하고싶은거다해요정가영사랑해
,7,부국제때잘봤습니다ㅋㅋㅋ발칙한영화ㅋㅋ찌질한방어연애그자체를보여주는ㅋㅋ꼭깐느영화제가시길ㅋㅋ
,8,이번에도대사빨좋고솔직하고시원시원쿨하고적당히예쁘게감추지않고형식적으로는일기장처럼층이복합적이고그렇다고지리멸렬하지는않고연기들도좋고무척재밌었습니다만소재가데뷔작이랑겹치네요좀더평가받아야할연출자인듯
,6,정가영감독만할수있는영화누가따라할래도할수없다앞으로도쭉감독님이하고싶은이야기해나갔으면좋겠다유니크하고좋아하는사람들은좋아할영화를
,6,이미지보다말이많은영화대사들을어떻게이렇게잘쓰고잘말할수있을까
,8,대사가너무좋았어요ㅜㅜㅜㅜ
,7,감독정가영과사람정가영의두가지고민이담겨있는영화깐느에서꼭만나요
호우시절,,
,10,실제출장시이영화와매우유사한일을겪은사람으로써한마디정우성의한국식영어고원원의중국식영어는정말현실적인영어다두사람영어가지고까지마라정말딱저정도수준과저정도감정이면충분하다추억돋게만드는영화
,6,허진호작품들은매번너무좋다
,10,허진호감독최고의영화라고생각한다수채화같은사랑을보여주는영화
,10,한국판러브레터보면볼수록더매력적인명영화예요
,10,오늘같이비오는밤딱어울리는영화고원원의중국어를듣고중국어배우기시작했던추억이떠오른다다운로드해놓고가끔씩꺼내보고싶은영화
,7,호날두가안나와서7점
,2,우리형호우
,10,우리형이출연한영화인데당연히10점줘야지
,9,로맨스영화가이정도면수작이지정우성도멋지고고원원진짜매력있다
,9,노란자전거로그들의사랑은계속되네
환상의 마로나,,
,10,반려견이주는무한하고무조건적인사랑을너무나환상적이고아름답게표현했다오랜시간반려견과함께살아서인지마로나의순수한사랑에북받쳐올라내내눈물을훔쳤다반려견이내게주는사랑의백만분의일만큼도사랑을주고있지못하는것같아미안하면서도언제나반겨주고사랑해주는반려견에게너무나고마워집에오자마자꼬옥안아주었다개의시선에서바라보는듯한세상을독창적이고기발하게그려낸영상미도압도적이었다또오열하더라도또보고싶어지는영화
,10,너무행복함과동시에너무나슬펐다어린아이처럼펑펑울었다
,9,미안하고또고마워너의인생이야기를들을수있어행복했으니이젠저별에서사랑만받으며푹쉬길
,8,끝없이주기만하는사랑너에게보내는꿈결의노래
,10,추상적이고예술적인애니메이션좋아하시는분강추끝에가서펑펑울었습니다ㅠㅠㅠ돈이하나도안아까웠습니다
,10,세상의모든마로나들이행복했으면
,8,눈을뗄수없는영상미모든반려동물들이나쁜냄새이별의냄새를평생못맡았으면좋겠다
,10,전혀정보없이보긴했지만기대이상으로매우만족스러웠다보는재미가상당하고연출력도좋은작품같다동시다발적으로움직이는영상들보느라잠시도눈을뗄수없었고창의력넘치는표현이와닿는작품이었다대사도가슴을후벼파기도하고반려견과인간사이뿐아니라인간관계의이별에도이입이되는것같아재밌게봤다주변에마구추천하고싶고그영상속에함께하고싶었다
,10,동물영화를보면서항상느끼던인간중심적사고가일말의찝찝함었는데이영화에서는드디어조금시선이동을한듯하다마로나의삶을환상적으로만든것은인간들이아닌마로나가그들을사랑한시간었다
,10,강아지를사랑한다면울지않을수가없다
결백,,
,6,평점알바특내용얘기보다배우연기좋단말만주구장창함
,1,평점알바풀었나
,2,배우들의연기만좋았음하지만단점이확실히보인다영화초반부사건이터지고주인공의변호사실력을보여주는장면그리고잊고살았던아버지의상을뉴스로접하면서고향에내려가는초반부까지만영화는잘굴러갔다그뒤로는엄청난부자연스러움과신파들이미신파극은신과함께에서전부써먹었다너무나도부자연스러운주인공하루걸러비가오지만우산쓰는장면은없다변호사라는직업을가졌음에도폭행을당해도전혀뒷말없는너무나도인자한변호사경찰이된동창그동창은온마을사림들이싫어하는가족을자신만은그렇지않다고사건을처음부터계속도와준다극중에서는정말오랜만에만나는상황임영화의문제는짧은초반을빼고서뒤에이야기는전부주인공과어머니그가족들에대한이야기로쭉흘러간다이부분이가장중요하지만한국특유의신파를너무길게끌었다후반부에폭발하듯이터지는게아니라중반부터계속해서딸과어머니의신파극이주를이룬다또한과도한bgm이러한문제는한국영화인랑에서많이느꼈다바뀌는상황마다모든장면에bgm이깔린다과한bgm은감상에방해가된다고생각한다
,1,댓글알바소름이다ㅋㅋㅋㅋ너무중간중간억지감동포인트우겨넣어서불편했는데결말까지그렇네ㅋㅋㅋㅋ댓글알바특배우연기미쳤어요꺅ㅋㅋㅋㅋ
,1,실망뻔한스토리에억지스럼
,1,뻔한신파극평점알바풀었나배우들연기만좋음
,1,뻔뻔한연출식상한유머코드
,10,신혜선연기넘좋았어요
,10,신혜선배우큰스크린으로봐도아우라장난아니다연기력원래쩌는건알았는데이번에새삼다시보게됨동생역배우도처음보는데연기너무잘한다연기구멍1도없어서그런지몰입도도좋고오랜만에극장에서한국영화볼맛남
,1,평점971은오바다7점정도가적당함
내친구아내,,
,9,진주는언제봐도맛나보임
,10,근친시리즈는계속된다
,9,진주누나졸라이쁜데요즘진주누나씬만오려붙이는중
,1,배우가어지간히없나보다똑같은배우가제목만다르게해서사골로끊임없이출연하네
,10,난나름좋아는데한번보세욬ㅋㅋㅋ
,2,물체가움직이거나어떤일이진행되는빠르기
더 차일드,,
,10,가벼운유모차에서무거운스쿠터로살포시성장을은유한다
,8,둘이그렇게머리를맞대면뭐든못헤쳐나가겠니
,6,너무갑작스런참회는공감가기힘들다
,8,끊임없이사고팔다가사지말아야할것과팔지말아야할것에손을대고말았다다커서어른이되지못한이유는무엇일까
,8,부모의무관심속에서아픈경험을통해성장하는아이들
,10,다르덴아저씨들완전좋아요
,8,쓰레기같은브루노의행실이쉽게바뀌리라생각치않는다용서하고싶지도않다
,6,솔직히연민보단분노가치밀었다경험해봐야만옳고그름이구별되는건가
,7,브뤼노의울음은한꺼번에터진성장통
,7,소재는마음에드는데전작인아들에견주면큰울림은없다
도둑들,,
,8,ㅋㅋㅋ스토리도탄탄하고연기자들연기도누구하나나쁘지않았는데왜저렇게별로라고그러지ㅋㅋ남들이별로라하니까괜히휩쓸려서나쁘다하는거같은데웃김ㅋㅋ이정도면평타는쳤음
,8,걍전지현의매력을다시살려준영화
,6,웨이홍역캐스팅에돈을좀투자했었어야
,8,사기꾼들이란제목이더어울릴정도로계속된뒷통수반전들이2시간넘게집중할수있는했던오락영화로괜찮네
,8,김윤석액션연기볼만했음
,9,가벼운마음으로보는킬링타임용으로제격상업영화도이정도로만만들면영화값이아깝진않을듯아쉬운부분도확실히있었지만캐릭터만큼은맛깔나게잘살림김윤석과김혜수전지현연기보는재미도쏠쏠했음
,10,전지현굳굳
,8,재밌어요
,10,아따김수현잘생겼다
,10,재밌어요제취향인진모르겠지만임달화씨멋있었어요ㅋㅋ
뮤지컬 쉬 러브즈 미,,
,10,졸라잼있음한번보세요
,10,스파이더맨대신이거보길잘했다생각드실겁니다ㅎ아날로그사랑에빠지게하는영화
,9,내용도재밌고넘버도좋네요무엇보다달달해서좋았어요
,10,음악과연기에너무반해버렸네요강추강추
,8,로맨틱하고달콤한러브스토리재미있게보았습니다
,10,정말강추에요꼭보세요
,8,공연장에있는듯해박수찰뻔했어요너무유쾌하고재밌어요그리고크리스마스되기전에가까운곳에서인연을찾아봐야겠어요사랑하고싶은영화였어요
,7,초반부는조금지루할수있는데뒤로갈수록재밌어집니다가벼운뮤지컬한편본기분입니다음악은오케스트라가뮤지컬을할때즉석에서연주를해서그런지정말좋았습니다그렇지만원작을스크린에담아내는건조금한계가있었던것같습니다
,10,재밌게봤어요ㅋㅋㅋ추천
,10,다운받아보았지만정말최고다
미션,,
,10,기자평론가평들진짜한심하다삐뚤어지고편협한시각을버리시길도대체어떤영화를봐야서구중심적이라는느낌이안들겠는가
,10,영화평론가황진미씨아주유명하시지자기중심적사고방식의선두주자께서저런리뷰남기시니아이러니하면서도궁금하네요평소에과연얼마나남들을위해사셨는지
,10,정말자기중심적인것은황진미자네일쎄
,8,ㅋㅋㅋ황진미저런사람은진짜웃기는사람이네ㅋㅋ누가누구보러반성하라는겨저기나오는저선교사들의발톱에때만도못한존재가아무리막장개독들이많다지만그게전부인줄아는무식은삼가시길무조건종교를까면지적으로우월한줄아네
,9,이런명작을이제서야보다니
,10,멍에를지며눈물로속죄하는멘도자의모습에서내가가야할길을보았다
,7,여기기자평론가집단은수준이하영화가실화를바탕으로종교과정치의대립을보여주고있음에도내용은무시한째개인의개똥철학이나늘어놓다니모든재앙은종교로부터가아니라당신들로부터온다당신들이웃에게나평화를좀주는것이
,10,와인쳐마시면서누벨바그가어떻네타란티노가어떻네떠들고있을평론가들이서구중심영화니어쩌니육갑들떨고있다
,7,영화평점은그냥본인이영화를보고그느낌감동생각을종합해서주는것이지남의특히평론가들평점에대한평점을주는것이아니라고생각해요
,10,무력이옳다면사랑이설자리가없소사랑이무엇인지다시금일깨워준영화
미스 사이공: 25주년 특별 공연,,
,10,정말최고ㅠㅠ홍광호도대단합니다저런무대에함께했다는게자랑스러워요
,10,댓글에연기칭찬은홍광호뿐인데역시홍광호는정말멋있었는데무엇보다이뮤지컬여주인공이진짜인상깊어요목소리가정말좋고연기도좋은데이뮤지컬이데뷔무대라는게전혀안믿길정도로요보시면후회절대없으실거예요진짜로
,9,조금만멀리서찍으면정말완벽했을듯해요하지만그만큼배우들의표정연기랑무대디테일을봐서좋았습니다관람전에줄거리를보고갔는데별로마음에안드는얘기였지만기대없이봐서그런지더재미있었습니다
,10,역시홍광호네요독보적인목소리짱스케일도크고짜임도알차고뮤지컬을영화극장에서봐도손색이없네요
,10,짧지만강렬한홍광호
,10,최고현장에서봤으면더좋았을듯
,10,미스사이공을스크린으로보게되다니감동ㅠㅠㅠ그리고홍광호배우님하트
,10,템은누가봐도홍광호아들아닌가요ㅎㅎㅎ엔지니어너무잘함
,9,공연5분인터미션갈라쇼순서로진행되고너무좋았습니다
,10,나도모르게박수치려손이몄번이나올르락내리락했는지모른다누구하나최고아닌사람이없다
미져리,,
,10,네이버미친ㅋㅋㅋ스포다적어놨네
,10,진짜재밌게무섭다
,10,보는내내실제내가앤에게벗어나고싶은스트레스까지오는그만큼배우들의연기도일품이요흡입력도일품인스릴러
,10,보안관할부지넘허무하게가심ㅠ
,9,한참전에본영화인데여기남자주인공이대부에나온소니역배우였다니아무튼영화재미남스릴감대박
,10,이런게스릴러지무서운게아니라두려운것
,8,소설속인물미저리는그녀가꿈꾸는자기자신그녀가키우는돼지미저리는그녀가생각하는실제의자기자신이메울수없는간극이그녀의망상장애의근원일듯최후의일격으로그녀의머리를깨버린것은결국돼지동상넘잼나
,10,마지막의그타자기로대갈통을후려까는그시원함을다른영화에서느낄수있을까
,9,보는동안단한번도시계를보지않았다
,9,어느한여자의싸이코적인광기이야기잼있었네요
박하사탕,,
,10,한해한해더해가는삶의무게에비례해보기가점점두려워지는영화
,10,공포영화보다이런영화가더무섭다
,10,간혹한국영화전체를까내리고싶을때가많은데그렇게못하는것이바로이영화때문이다10대들은이영화보고별느낌이없는게당연하다평점참여에10대가14인데이14만없었다면이영화평점은9점후반대가될것이다
,9,시간이란철길을돌려서풀어내는한인간의인생그야트막한언덕위에무던히도날선역사들이잡초처럼우거져있다차라리이름없어서순수함가득할들꽃하나아름드리박하향가득흩날릴바람한점조차그곳에선정녕허락될수없는가
,10,최고의한국영화이때의설경구가그립다주인공김영호처럼변해버린그
,10,이런게명작이지
,10,관객도똑같이아파해야완전하게체험하고이해할수있는영화설경구는정말목숨내놓고연기한거같다
,9,순수는기차를타고절망으로간다하지만영화이기에절망은순수를향한다
,10,먼저제의들어온배우들있었는데설경구아니면누가이역을제대로소화했을까당시무명배우가이런연기를했다는게놀랍네
,10,발에물이차서
아들,,
,9,아비이기에복수감이차오르지만또한인간이기에애처로운너를나는용서한다
,9,갑자기나온엔딩크레딧때문에너무놀람관객을그렇게예민하게만들다니
,9,다르덴형제는어디서이런기발한소재를찾아낼까시종일관인물의뒤를쫓는핸드헬드카메라가불편하고불안하고쫓기는심리를잘표현해준다
,9,다르덴경외심마저느껴진다
,10,다르덴형제는이미나쁜영화를만들수없는경지에올랐다
,10,요즘영화들에서좀처럼만나기힘든순간진심으로감동받았다
,10,최근다르덴형제작품에푹빠졌다로제타와버금가는감동적인영화추천드립니다
,10,결코하나로귀결되지않는인간의심리지려버렸다
,10,올리비에구르메는연기하지않는것처럼연기하고카메라는없는듯존재하는마법같은영화
,10,너무나일상적이기에그때마다내뱉는대사들이마치물가에떨어지는소리없는바위같다
아멜리에,,
,9,고독이꼭슬퍼야만하는건아니죠
,10,너무사랑스러운영화ㅎ
,10,감정을어찌할줄몰라서계획하는여자를어찌안좋아하겠어
,10,사랑스러움의끝
,8,아주이쁜영화한편잘봤음
,9,이세상에작은친절이관심과애정이얼마나중요한가
,10,난이감독이좋다
,10,슬픔을가진사랑스런아멜리에
,8,비현실적인화사함과발랄함그리고사탕같은달콤함그리고그속에숨어있는쓰디쓰고우울한우리네인생들을부드럽게위로해준다
,10,사운트트랙이어쩜이리영화랑잘어울릴까
에이리언,,
,10,1979년작영화가2013년작영화보다더우수하다니
,10,70년대작품인데7광구보다70배이상은낫네
,10,프로메테우스때문에다시찾아보았다역시최고의SF물
,10,희대의걸작
,10,어릴적에보고정말반한영화sf영화의신기원을이룬에이리언관련영화중오리지널영화이영화이후90년대까지에이리언붐을이룸유사영화가엄청쏟아짐
,10,지금기준을들이미는사람은뭔가요이순신장군이현대전오면발린다는얘기랑다를게뭐임1979년도에저런상상력과연출이라니시대를앞서간SF의영원한걸작재미도감동도없이CG떡칠이나하는쓰레기같은요즘SF들은반성좀하길
,10,에일리언시리즈중제일재밌다어제감독판봤는데우리나라영화보다30년이상앞섬
,10,말이안나온다첫장면에서우주선내부보여주는씬이게79년도작품이란게상상이안갈정도로엄청난퀄리티를보여준다영화세트하나하나가시대를앞서가는SF신기원을이룬명작
,9,렘버트내가죽이고싶어지네어휴ㅋㅋ
,10,234편을보고나니더욱돋보인에어리언1편액션과화려한볼거리가아닌정체를모르는것이가져다주는공포를느낄수있는
에이리언 2,,
,10,개인적으로그어떤영화도T2의경쟁상대로갖다붙이지않는데유일하게대적할만한작품이에이리언2임
,10,제임스카메룬전편보다나은속편이없다고여깄지롱
,10,공포스릴밀리터리괴물4박자의환상적조화86년영화다요새영화반성좀해라
,10,무삭제원판구해서꼭보세요케이블에서무삭제원판해줬으면좋겠네요그어떤칭찬을해도모자를SF스릴러물중전무후무한역작제가죽기전까지에일리언2를능가한아니근접한영화가나올까30여년지나도안나왔는데말이죠
,10,아니어떻게2011년작7광구보다86년작에일리언2편이훨씬더낫다는생각이
,10,내인생통틀어5손가락안에드는명작에이리언은4편까지나왔는데그중단연1위인것이에이리언2스토리연출효과무기장비등대박최신SF영화까지포함해도감히금세기최고의SF영화라단언한다
,10,이게80년대영화란다근데퀄리티를봐라ㅎㄷㄷ진짜괜히제임스카메론이아니다
,10,아직도기억나는게에이리언들이떼로오는데분명게이트를통과했다는레이더가번쩍번쩍그런데천장타고폭풍러쉬하던그장면리플리가막판에소녀구하로가는장면명작입니다
,10,스릴과긴장감은역대최고다어떤영화도에일리언2를따라올수없다
,10,이거안봤으면SF영화봤다고하지마라쪽팔린다
여배우는 오늘도,,
,9,여배우의현실적인이야기를소재로해서무거우면어떡하나걱정했는데유쾌하고공감되게풀어나가셔서70분이라는시간이훅지나갔습니다그러면서도전달하고싶은메세지가명확하게드러나는영화입니다문소리감독님화이팅
,10,차려진밥상을먹기만하다가이제아무도밥을차려주지않아본인이밥상을차려먹는다는생각으로만든영화가볍고유쾌해보이지만그안을들여다보면그렇지않은여배우의삶의한면을보여주는깊이있는좋은영화문소리감독님이자배우님화이팅
,10,비밀은없다미씽여배우는달린다몇년사이재미있게본한국용화의공통점39여성감독39이라는점입니다문소리감독님좋은영화감사하구요오랜만에영화를보면서소리내서웃었어요영화가술을불러서술은못줄이겠네요
,10,여배우가아니어도여성이라면모두공감할이야기
,10,문소리감독을응원하며네이버에처음댓글도남겨봅니다오랜만에나의현실과도이어지는이야기를무겁지않게진솔하게전하는영화를보며유쾌하고도짠했어요다음에좀더본격적인장편으로도뵐수있으면좋겠습니다힘내세요
,9,문소리의재치가한국사회를담다화려한여배우도82년생김지영임을
,9,홍상수의사랑이야기보다훨씬짜임새있는여배우분투기
,9,남탕과조폭의향연이된지오래인영화판에서정말오랜만에여배우원톱의영화를만났다이것만으로도흡족문소리배우의매력을또한번느낀시간
,10,배우의삶의이면을다루고있지만39남자배우39들은이영화에깊게이입하지못할것같고오히려사회곳곳의39일하는여성39들이공감할이야기인것같음하지만다떠나서오락적으로도훌륭했다유머러스하고재밌었음
,9,오늘도달린다유쾌한영화였어요
조디악,,
,10,쓰레기한국영화엔9점10점퍼주면서이명작엔평점준꼬라지봐라
,9,후반부에밥본이란사람집에찾아갔다가포스터에대한진실을듣고오줌지릴뻔했다
,8,데이빗핀처의편집은진짜언제봐도좋다
,9,마지막그레이스미스가리앨런과둘이말없이쳐다보는장면은대단했음
,9,핀처감독의연출에빠져들수있는영화실화를바탕으로한것과편집때문에긴러닝타임임에도지루하지않다
,10,평점이왜이렇게낮어빠가사리들이해못해서평점낮게주냐
,10,좀끈기있게볼수없나제대로보기도전에지루하다며포기하면서뭔영화를본다고
,10,러닝타임도길고대사가많다보니지루하게볼사람더있겠지만난너무재밌게봤다후반부로갈수록더욱긴장됐고엔딩부분에선갑자스레다가오는사실감때문에소름이돋았다ㄷㄷ
,8,실화를바탕으로관객들을그시대그사건속으로빠져들게만드는영화
,9,미국판살인의추억디테일은더뛰어나다
캐리,,
,10,왕따시키는새끼들은전부다죽여야한다속시원한영화
,10,첫씬부터강렬하고노골적이고비참했다이영화에등장한피가눈물로느껴질만큼히치콕못지않은감성인데평점왜이래허허
,9,내모습이캐리와겹쳐지면서서럽고슬펐다
,8,결말을알고보았지만도중에캐리의행복한웃음이영원하길바라게되었다
,9,대한민국일진들에게추천해주고싶다
,8,무섭다기보단슬픈공포영화파티장학살씬은압권
,10,매우슬프다
,10,착한사람이악마가되는세상
,10,이영화에서시대적괴리감이느껴지는부분은오로지어설픈특수효과나배우들의구식패션밖에없다장인정신이느껴지는연출력에경의를표하는바이다
,10,통쾌하지만캐리가제일안타까울뿐
톡식 어벤져,,
,10,기대안하고봤는데넘재밌어서두번봤어요
,10,내프렌치보이프렌드귀여운톡식
,10,뮤지컬영화재밌어요
,1,실망입니다조금그러내요
,1,무엇이나이게이게이게
헤이트풀8,,
,10,나는이런영화를볼때마다한국영화의문제가단지기술력과인력의차이가아니란걸깨닫게된다
,10,비밀을가진도머구부터급재밌어짐ㅋㅋㅋ
,10,나와기습거세꾼상반기최고의명대사다
,10,진짜미치게호쾌하다피칠갑에저급한대사가난무하는데영화는품격있다음악도예술나쁜새끼들끼리의뜨거운한판
,10,쿠엔틴은모든요소를B급으로맞춰둔다그렇게해서나오는게A다
,10,나쁜놈들사이에그나마덜나쁜놈에게호감가게만드는타란티노의천재성
,10,타란티노형이름만믿고봐라
,10,대사를통해긴장감을극대화하고그것을지루하지않게만드는것은쿠엔틴타란티노가최고다
,10,요즘빠른영화에만익숙한세대들은이영화가지루하고재미없고댓글알바라는둥이런소리하는데영화를한달에극장가서4편이상10년동안꾸준히보고있는나같은사람에게는최고의영화였습니다다의견이다를순있으나댓글알바소리는그만좀
,10,제대로취향저격이네대사들이너무맛깔난다
